Tiffany|Patel|290
Sara|Howard|490
Christina|Green|931
Sarah|Nichols|466
Matthew|Carroll|175
Anthony|Nelson|77
Tammy|Kirby|431
Matthew|Mclean|155
Craig|Garcia|223
Shelby|Hudson|50
Melissa|Schneider|386
Jon|Michael|723
Michael|Johnson|865
Amber|Huber|258
Kimberly|Nguyen|31
Robert|Nguyen|815
Amber|Williams|505
Laura|Warren|741
Zachary|Savage|201
Erica|Dunn|179
Thomas|Lowe|817
Thomas|Jackson|660
Audrey|Frank|698
Darrell|Ritter|957
Danny|Henderson|935
Erica|Johnson|731
Christopher|Bass|115
Timothy|Crawford|819
Pamela|Stone|68
Seth|Mercado|976
Kelly|Burton|29
Christopher|Landry|35
Laura|Johnson|125
Erin|Smith|9
Christine|Casey|356
Jermaine|Melendez|85
Allison|Adams|711
Alexis|Beltran|622
Kimberly|Mitchell|848
Michael|Brown|423
Crystal|Meadows|361
Shawn|Clark|239
Nicholas|Jones|137
Marissa|Williamson|24
Jonathan|Sanchez|454
Ricardo|Davis|842
Cynthia|Waters|550
Robert|Hughes|488
Nicole|Austin|298
Rebekah|Montes|995
Mario|Steele|906
Stephen|Hill|447
Nicholas|Trujillo|333
Kimberly|Church|606
Gary|Swanson|486
Brittany|Murphy|863
Antonio|Townsend|105
Kimberly|Ford|232
Steven|Wolfe|427
Kelly|Miller|812
Jesse|Mckay|174
Monica|Mason|353
Jennifer|Castillo|607
Courtney|Brock|493
Shelia|Hughes|394
Cynthia|Calhoun|5
Steven|Baker|13
Jason|Carpenter|725
Angela|Williams|738
Julian|Davis|230
Amy|Henderson|27
Patricia|Berg|477
Kelsey|Valdez|758
Regina|Hodge|54
Todd|Cobb|915
Timothy|Pratt|851
Franklin|Bryant|383
Ashley|Mullen|839
Bonnie|Munoz|655
Breanna|Aguirre|629
James|Nicholson|744
Anthony|Peterson|788
Cheyenne|Reed|294
Joseph|Reyes|489
Bernard|Travis|533
Keith|Miller|936
Jennifer|Johnson|33
Tiffany|Contreras|173
Kaitlyn|Matthews|227
Richard|Nixon|840
Lisa|Torres|778
Gary|Hodges|777
Travis|Brown|857
Jessica|Henson|618
Sara|Mcgee|391
Cameron|Figueroa|942
Mary|Vaughn|578
Aaron|Manning|608
Ruben|Harper|784
Albert|Andrews|501
Christopher|Long|598
Andrea|Moore|753
George|Gutierrez|930
Colleen|Poole|630
Donna|Jenkins|403
Alyssa|Gibbs|343
Charles|Terry|122
Gloria|Brown|766
Megan|Kidd|829
Kimberly|Stewart|336
Gina|Gomez|527
Kerry|Nguyen|807
Scott|Ramirez|791
Nancy|Ballard|806
Sandra|Smith|64
Nathan|Larson|419
Jeffrey|Thompson|168
Ellen|Larson|96
Dawn|Russell|871
Stephanie|Fleming|164
Jason|Baker|177
Brandi|Conner|397
Leah|Berg|242
Martin|Rodriguez|271
Steven|Thompson|268
Ryan|Watkins|994
Joseph|Velazquez|448
Jacob|Lara|507
Darryl|Rodgers|530
Jennifer|Lynn|193
Lorraine|Graves|945
Samantha|Thomas|658
Amy|Collins|150
Joy|Becker|87
Jeanne|Smith|21
Joshua|Gray|149
Lucas|Serrano|733
Sarah|Huffman|261
Harold|Watts|204
Michael|Woodward|476
Leah|Allen|437
Carolyn|Hutchinson|308
Marcus|Simpson|217
Dana|Hart|334
Tonya|Rivas|396
Danny|Rubio|502
Johnathan|James|41
Laura|Thomas|796
Tony|Meyer|455
Travis|Nelson|642
Jeffrey|Keller|401
Adrian|Valdez|512
Jacqueline|Walker|831
Tammy|Davis|470
Scott|Greene|913
Connie|Stone|737
Stephanie|Morrison|569
Bruce|Rodriguez|818
Rodney|Frank|133
Gerald|Cruz|109
Ronald|Rios|132
Joseph|Spears|165
Alicia|Cooper|379
Laura|Perez|870
Sherri|Wood|519
Jennifer|Rush|464
Brian|Jones|919
Angela|Daniels|896
Jennifer|Thompson|726
Deanna|Cooper|767
Sarah|Jones|320
Cheryl|Young|650
Maria|Wilson|765
Robin|Molina|795
Angela|Gonzalez|914
Brandon|Woods|95
Justin|Khan|667
Brittney|Jones|821
Christina|Gomez|724
Tiffany|Burke|55
Andrew|Smith|593
Jared|Perkins|462
Paul|Bryant|927
Elizabeth|Lawrence|191
David|Trevino|90
Mark|Mills|814
Kevin|Bauer|295
Thomas|Jones|676
James|Phillips|800
Bethany|Lozano|387
Antonio|Atkinson|194
Raymond|Wright|495
Kelly|Barnett|858
John|Marquez|103
Evelyn|Hood|727
Carolyn|Orr|151
Peter|Diaz|693
Michael|Wright|432
Raymond|Walton|685
James|Schultz|552
Allison|Thomas|847
Alex|Martinez|337
Christopher|Kaiser|434
Kimberly|Tate|347
Emily|Anderson|412
Justin|Ward|548
Carly|Lynn|666
Kelly|Blevins|465
Ryan|Perez|478
Matthew|Sanchez|843
Barry|Russell|959
Heather|Taylor|145
Isabel|Dunn|768
Gary|Warner|555
Megan|Jones|358
Sarah|Simpson|66
Jeremy|Barrera|889
Jaime|Phillips|509
Stephanie|Maxwell|920
Nancy|Hull|52
Samuel|Gamble|984
William|Stevens|599
Brittany|Chang|318
Brandi|Kerr|457
Kimberly|Romero|235
Christina|Larsen|34
Karen|Brown|974
Edward|Wilson|904
Christopher|Smith|199
William|Marquez|473
Crystal|Hogan|755
Robert|Davis|44
Kayla|Hernandez|773
Christopher|Young|584
Michael|Farrell|275
Aaron|Weaver|428
Lauren|Ortiz|441
Steven|Jones|827
Timothy|Stone|460
Richard|Fischer|568
Courtney|Anderson|908
Henry|Bates|126
Shelby|Parker|912
Glenn|Costa|742
Daniel|Rodriguez|104
Victor|Smith|433
Cynthia|Hernandez|522
Hannah|Morgan|535
William|Duncan|382
Richard|Hicks|899
Cameron|Barr|526
Shawn|Ramos|156
Alexis|Schneider|247
Christopher|Stewart|952
Melissa|Hunt|269
Jimmy|Copeland|421
Michele|Rodriguez|384
Christian|Holt|375
Rita|Griffin|374
Jill|Jenkins|6
Melissa|Holt|414
Carrie|Allen|893
Christopher|Brown|689
James|Ray|708
Thomas|Huynh|292
Emily|Day|677
Crystal|Gonzalez|410
Micheal|Holmes|51
Regina|Dennis|22
Amber|Lawrence|882
Julia|Meyers|560
Jonathan|Garrett|861
Darren|Gonzalez|40
Mercedes|Gross|377
Sarah|Watkins|884
Justin|Russell|30
Michael|Brown|992
Susan|Reed|675
David|Holland|216
Henry|Reed|627
Randall|Howard|680
Anthony|Young|110
Maria|Allen|3
Angela|Campos|32
Erica|Jones|802
Caitlin|Cox|853
Joanna|Gordon|94
Austin|Patton|138
Brandon|Rice|709
Megan|Ponce|463
Martin|Saunders|483
Thomas|Schultz|393
Alicia|Mosley|735
William|Smith|344
Deanna|Harris|878
Francisco|Lewis|933
Joshua|Jenkins|329
Katelyn|Moss|513
Jane|Mays|989
Kimberly|Watts|106
Catherine|Miller|438
Samantha|Jackson|284
Jesse|Rivera|641
Regina|Kirby|256
Christopher|Garza|832
Tanner|Bell|102
Erica|Davis|468
Wendy|Hutchinson|123
Michelle|Fernandez|380
Lisa|Johnson|240
Thomas|Ballard|143
Joshua|Wilcox|991
Christopher|Jones|440
Patricia|Tate|574
Ronald|Bailey|704
Eric|Walter|804
Tina|Edwards|682
Brian|Gibson|59
Samantha|Olsen|557
Allison|Jones|950
Jesse|Tran|362
Cody|Marquez|202
James|Mayo|373
James|Buckley|210
Brittany|Simpson|215
Alvin|Day|39
Tyler|Davis|551
Martin|Parker|730
Dana|Gross|941
Ann|Byrd|452
Tracy|White|70
Alan|Cooper|824
Michelle|Durham|956
Paula|Tucker|523
Danielle|Miller|596
Laura|Melton|695
Jessica|Newman|348
Corey|Alvarado|42
Damon|Stanton|732
John|Huerta|860
Emily|Peters|648
Rachel|Hawkins|108
Maria|Wilson|710
Michael|Christian|701
Arthur|Brown|471
Susan|Hernandez|398
Sandra|Yu|611
Steven|Johnson|894
Brian|Robinson|813
Zachary|Smith|876
Todd|Walsh|407
Kristy|Hayes|117
Fernando|Dixon|376
Cody|Davis|492
Kimberly|Jones|686
Rebecca|Novak|798
Brandon|Thompson|669
Margaret|Carter|127
Heather|Brown|881
Brad|Saunders|595
Paul|Cook|368
Corey|Hughes|339
Lisa|Navarro|613
Christine|Long|203
Katherine|Williams|837
Anthony|Bray|748
Megan|Valentine|280
Jacqueline|Mathews|131
Brittany|Brewer|141
Tammy|Diaz|547
Shelly|Wright|970
Sarah|Williams|783
Derek|Hutchinson|118
James|Hall|418
Leah|Allen|236
Jesse|Moore|866
Danielle|Newton|679
Matthew|Harrison|820
Shane|Dickerson|671
Beth|Wright|617
Brianna|Scott|983
Megan|Aguilar|745
Renee|Green|20
George|Mays|604
Philip|Hughes|241
Karen|Velez|702
Danny|Fitzpatrick|301
Donna|Mueller|681
Joseph|Hernandez|206
Stefanie|Romero|835
Madison|Reid|850
Ralph|Gonzalez|479
Brian|Watkins|719
Lisa|Robinson|264
Gina|Jackson|58
Christopher|Rodriguez|585
Courtney|Coleman|484
Karen|Christian|688
Jerome|Campbell|756
Eric|Estes|309
Jessica|Oconnor|722
Eileen|Welch|170
Connie|Anderson|69
Abigail|Schmitt|564
Jay|Jones|332
Derrick|Jackson|214
Lauren|Mcintosh|828
Julie|Scott|556
Travis|Lee|625
Brian|Gonzales|166
Kimberly|Anderson|717
Robert|Cruz|508
Michelle|Harris|623
Ernest|Morris|367
Scott|Gomez|979
Jeffrey|Mullins|474
Andrew|Dunn|139
Mark|Smith|86
Sarah|Diaz|378
Jessica|Adams|323
Melanie|Schwartz|101
Jasmine|Kent|874
Gregory|Ruiz|579
Nicholas|Fields|226
Laura|Grant|349
Robin|Lloyd|808
Mary|Thompson|810
Tracy|Aguilar|654
Jeffrey|Parker|72
Patrick|Simmons|647
Ruth|Pena|582
Michael|Callahan|577
Christine|Martinez|793
Caitlin|Johnston|591
George|Gould|406
Michael|Duncan|272
John|Adams|696
Carl|Stewart|619
Johnny|Smith|922
Judith|Jones|160
Lacey|Pope|390
Cynthia|Wiley|900
Roy|Woods|74
Holly|Robinson|663
Brandon|Grant|99
Amanda|Vaughan|901
Sarah|Campbell|415
Hannah|Ortiz|136
Julian|Anderson|751
Maureen|Arellano|458
Marissa|Craig|873
John|Cook|270
Kristin|Conway|61
Scott|Levy|916
Stephanie|Mullen|869
Ronald|Russo|949
Brenda|Eaton|886
Andrew|Horn|100
Jennifer|Davis|947
Victor|Baker|603
Charles|Deleon|600
Gail|Hughes|254
Ashlee|Holmes|93
Roger|Coleman|799
Joseph|Estrada|395
Sarah|Mathis|169
John|Bridges|98
Jennifer|Austin|185
Adam|Davenport|903
Brandy|Gray|311
Sierra|Zimmerman|350
David|White|233
Pamela|Davis|631
Sean|Smith|314
Teresa|Hester|940
Joseph|Baker|225
Andrew|Berry|113
Cynthia|Willis|981
Eric|Thompson|253
Amanda|Gomez|907
Rebecca|Robinson|389
Sandra|Montgomery|616
Christopher|Fuentes|982
Janice|Beck|506
Kathleen|Carter|328
Dana|Evans|536
David|Middleton|892
Jason|Davis|988
Kevin|Ortiz|491
Kelly|Perry|442
Michael|Romero|326
Sally|Fritz|972
William|Duncan|872
Ashley|Anderson|172
Richard|Curtis|445
Mike|Bishop|883
Angela|Robinson|302
Ashley|Garza|834
William|Moore|905
Samantha|Booth|503
Corey|Martinez|229
Lisa|Robinson|898
Monique|Johnson|163
Jonathan|Johnson|494
John|Richard|673
Michael|Church|265
Sheena|Wiggins|946
Kevin|Decker|963
Tanya|Aguilar|955
Randall|Gibson|637
Diane|Rivas|313
Joann|Lee|10
Lindsey|Ball|249
Marissa|Heath|780
Jeffrey|Thompson|565
Sylvia|Dennis|305
Gina|Phillips|81
Michael|Baker|635
Michael|Hardy|943
Jeffrey|George|257
Micheal|Pearson|549
Jodi|Gill|718
Cheryl|Beard|446
Carolyn|Murphy|45
Cynthia|Glenn|25
Richard|Diaz|969
Amy|Wiley|716
Roy|Lee|409
Laura|Frost|130
Kevin|Church|456
Stacy|Moore|517
Joan|Dunn|864
Thomas|Johnson|668
Andre|Roberts|934
Daniel|Skinner|764
Savannah|Davis|890
Jack|Glover|554
Jorge|Mcgee|310
Brandon|Perez|816
Debra|Burch|245
Angela|Collier|875
Gary|Booker|461
Edwin|Walker|425
Susan|Thomas|154
Brenda|Romero|926
Alejandro|Hunter|910
Christopher|Rivas|180
Steven|Murray|792
Tina|Davis|532
Julie|Hayden|366
Amy|Beck|62
Christopher|Murray|752
Audrey|Miller|340
Abigail|Robinson|354
Andrea|Fisher|646
Connor|Thomas|525
Becky|Olson|171
Johnny|Black|958
Shawn|Hurst|885
Kristy|Spence|411
Elizabeth|Davis|999
Juan|Rios|699
Tiffany|Carter|159
Amy|Curry|975
Meredith|Thomas|14
Anthony|Wagner|370
Michael|Smith|355
Anne|Montoya|803
Yolanda|Ewing|237
Kathryn|Morris|761
Kelly|Cline|692
Andrea|Weber|16
James|Stevens|2
Jason|Miller|518
Lisa|Martin|961
Nicole|Hobbs|167
Vernon|Lopez|539
Elizabeth|Meyer|665
Jose|Cole|570
Lisa|Rivera|628
Leslie|Green|286
Joseph|Drake|823
Aaron|Thornton|300
Kathleen|Washington|785
Jessica|Floyd|971
Erin|Schroeder|805
Steven|Reese|636
Elizabeth|Nunez|610
Heather|Fisher|60
Cindy|Anderson|902
Joel|Gibson|953
Brian|Carter|887
Tracy|Lucas|116
John|Phelps|335
Ashley|Rogers|142
Jerry|Adams|683
Christopher|Evans|911
Jacob|Miller|728
Daniel|Stafford|534
Michael|Holloway|634
Michele|Holmes|782
Shawn|Pierce|304
Zachary|Jimenez|521
Brianna|White|924
Anthony|Foster|973
Angela|Collier|187
Dustin|Higgins|408
Scott|Aguilar|588
Jesse|Lang|649
Anthony|Smith|937
William|Porter|17
Samantha|Olson|278
Amy|Gordon|195
Lydia|Hall|531
Jacob|Patterson|26
Paul|Odom|538
Lisa|Burton|602
Riley|Stevenson|148
Jasmine|Lang|562
Ian|Townsend|119
Sue|Warren|220
Renee|Davis|267
Melissa|Wilkins|207
Kathleen|Pruitt|867
Jason|Cantu|114
Linda|Fry|559
Tracy|Hernandez|790
Victoria|Camacho|954
Rebecca|Keller|76
Dennis|Hill|528
Renee|George|921
Jermaine|Russo|624
John|Coffey|251
Catherine|Cooper|694
Christian|Taylor|703
Alexandra|Joyce|645
Justin|Campos|273
Cory|Thompson|430
Andrew|Wilson|967
John|Campbell|615
Lisa|Crawford|690
Mariah|White|424
Taylor|Jackson|736
Nicole|Harris|189
Anita|Ho|888
Michelle|Adkins|426
Cheryl|Camacho|37
Shelly|Frank|575
Nicholas|Simmons|605
Nancy|Morgan|346
Maria|Jensen|621
Amy|Mckay|4
Justin|Jones|417
Erika|Watson|510
Matthew|Davis|962
Mary|Barrett|459
Jennifer|Mitchell|399
Chelsea|Nguyen|15
Alan|Farmer|763
Sophia|Vargas|929
Kimberly|Walker|515
Kenneth|Evans|422
Andrew|Jones|244
Joshua|Brown|276
Dominic|Collins|838
Luke|Johnson|297
Charles|Davis|749
Jessica|Sellers|134
Brett|Wang|841
Stephanie|Smith|231
Matthew|Meyer|597
Deborah|Graves|612
Jeffrey|Hanson|998
John|Collins|743
Tiffany|Atkins|678
Sara|Perkins|405
Yolanda|Fischer|453
Diana|King|152
Daniel|Brennan|285
Hailey|Day|706
Jackie|Norris|75
Nathan|Nguyen|325
Rhonda|Moore|288
Kristin|Ali|811
Michael|Gill|222
Timothy|Glenn|97
Aaron|Rice|322
Stephanie|Campbell|205
Samuel|Roberts|928
Erika|Barnett|435
Laurie|Patel|705
Stephen|Brown|218
James|Sanchez|281
Cameron|Ruiz|487
Lisa|Collins|762
Stacie|Fuller|234
Gary|Smith|674
Kyle|Jones|789
Rhonda|Singleton|19
Stacy|Smith|36
Kellie|Thompson|49
Gary|Bailey|371
Gregory|Johnson|224
James|Adams|485
Tracy|Todd|499
Joe|Moore|359
Heather|Stokes|65
Amanda|Fox|135
Guy|Anderson|985
Michael|Barnes|966
Kristin|Weiss|632
Joshua|Jenkins|12
Danny|Bennett|715
Sarah|Alexander|319
Louis|Herrera|198
Scott|Wilson|770
Katie|Hays|553
Brittany|Fisher|797
Julie|Thompson|83
Kenneth|Butler|977
Susan|Summers|638
Angelica|Fletcher|88
Andrea|Bowers|184
Amber|Adkins|583
William|Schwartz|601
Kayla|Sanders|779
Andrew|Williams|372
Tara|Dunn|38
Christine|Miller|772
Juan|Horton|429
Kayla|Boyd|450
Latoya|Chan|28
Ray|Coleman|653
Daniel|Hill|282
Todd|Taylor|586
Isaac|Hamilton|524
Melissa|Howell|147
Angela|Schneider|948
Courtney|Peterson|774
Debra|Crawford|402
Cynthia|Carrillo|714
Madeline|Hernandez|211
Allison|Lynch|697
Robert|Barnes|659
Michael|Dixon|260
John|Foster|721
John|Hernandez|420
Scott|Taylor|739
Matthew|Ball|262
Donna|Owens|540
Carla|Munoz|248
Ryan|Williams|700
Regina|Rios|413
Patrick|Elliott|252
Christine|Berg|497
Miranda|Davila|299
Brandy|Turner|259
Cynthia|Rivera|760
Janet|Guzman|657
Matthew|Ball|472
Troy|Robbins|1000
Paula|Lawrence|287
Mary|Cherry|293
Kurt|Jones|652
Angel|Meyers|341
Ryan|Ramsey|316
Patricia|Randolph|324
Christopher|Castaneda|558
John|Martinez|572
Regina|Ross|107
Brian|Perez|656
Molly|Ward|862
Nicholas|Hardy|351
Sherri|Potter|363
Michael|Potter|496
Sandra|Anderson|514
Tyler|Bean|157
Ryan|Jenkins|516
Pamela|Osborne|306
Becky|Paul|82
Ashley|Vega|713
Tiffany|Gross|511
Steve|Mitchell|221
Travis|Beck|228
Matthew|Rodriguez|369
Anita|Spencer|250
Ralph|Martin|537
Benjamin|Garcia|563
Yolanda|Robertson|859
Linda|Wells|345
Jerome|Brown|996
Jamie|Hunt|498
Charlotte|Williamson|868
Rachel|Bridges|809
Nathan|Perez|190
John|Lewis|352
Charles|Howard|192
Melissa|Thomas|775
Bethany|Montgomery|263
Elizabeth|Cook|120
Elizabeth|Velez|997
Paula|Manning|891
Katherine|Lowe|895
Autumn|Hayes|482
Brian|Gonzalez|274
Benjamin|Collins|392
Teresa|Yang|571
Phyllis|Vasquez|196
Linda|Downs|321
Scott|Lee|987
Candace|Wright|67
Shelly|Burke|769
Elizabeth|Knapp|918
Mary|Bell|121
Jacob|Wallace|307
Kim|Mathews|444
Christopher|Foster|327
Stephanie|Stout|289
Alejandro|White|182
Darrell|Singh|400
Laura|Barnes|80
Vanessa|Taylor|786
Victoria|Ferguson|849
David|Guerra|581
Alyssa|Russell|771
Michael|Kane|990
Elizabeth|Frederick|781
Larry|Aguilar|747
Krista|Miller|331
Joshua|Taylor|365
Rebecca|Brown|291
Edward|Cardenas|589
Sarah|Cooper|63
Ronald|Fleming|566
Terri|Williams|776
Gregory|Lee|567
Laura|Lopez|416
Tiffany|Ross|879
Mark|Barker|844
Samuel|Hamilton|146
Dorothy|Brown|238
Tanya|Rich|826
Nicholas|Villanueva|504
Laurie|Williams|951
Justin|Hebert|124
Carrie|Moore|687
Ricky|Richard|544
John|Turner|923
Abigail|Gilbert|144
Sandra|West|672
Jose|Collins|590
Hannah|Potts|481
Bobby|Cunningham|92
Chad|George|541
Sarah|Bruce|580
Ryan|Henson|208
Krystal|Carr|140
Christopher|Smith|162
Meredith|Boyer|200
John|Reeves|754
William|Choi|932
Jorge|Morris|620
Tammy|Cole|11
Glenn|Mcintosh|734
Larry|Donaldson|978
Jose|Jackson|480
Lori|Gutierrez|965
Nicholas|Ross|944
Sheila|Peters|520
Shannon|Gonzalez|729
Ethan|Robinson|614
Rebecca|Irwin|255
Michael|Sutton|644
Herbert|Myers|8
Michelle|Johnson|153
Danielle|Campbell|475
Jessica|Christensen|181
Joshua|Ramirez|186
Dana|Cooley|176
James|Brock|500
Dakota|Smith|750
Sue|Williams|801
Tara|Thomas|439
Daryl|Rhodes|161
Bryce|Summers|219
Scott|Reyes|48
Margaret|Castillo|57
Gary|Medina|71
Teresa|Ramirez|825
Ethan|Tucker|197
Paul|Thomas|73
Laurie|Crawford|79
James|Valdez|158
Sarah|Anderson|360
Michelle|Mcguire|543
Eric|Schmidt|740
Christopher|Caldwell|188
Jason|Smith|469
Chelsea|Garrison|84
Emma|Colon|545
Natasha|Burke|342
Howard|Ramirez|846
Tracey|Wilson|757
Martin|Moore|296
Joseph|Adkins|364
Danielle|Esparza|670
Cody|Kaiser|312
Ashley|Browning|836
Cindy|Walter|707
Betty|Valencia|443
Christopher|Smith|855
Heather|Gentry|47
Melissa|Taylor|639
Mark|Robertson|46
Raymond|Snyder|856
Willie|Osborne|587
Benjamin|Thomas|691
Ariel|Foster|7
Patrick|Barajas|830
Stephanie|Barry|852
Ana|Lindsey|917
Christopher|Howard|243
Marisa|Ryan|794
Jennifer|Weaver|993
Raymond|Figueroa|53
Charles|Simmons|822
Patrick|Brown|880
Eric|Fletcher|338
Corey|Perez|111
Mary|Wilson|845
Dustin|Collins|246
Mariah|Howard|968
Jared|Harper|909
Shannon|Woodard|78
Kyle|Brown|664
Cody|Nguyen|854
Rhonda|Bender|404
Charles|Clarke|213
Tammy|Simon|592
Michael|Greene|662
Robert|Brown|43
Pamela|Brown|897
Cory|Howell|330
Mary|Warren|759
Matthew|Moreno|381
Kimberly|Young|183
Leonard|Rivera|964
Rachel|Mclaughlin|436
Amanda|Lopez|542
Kathy|Oliver|277
Victoria|Howard|626
Crystal|Rivers|56
Kristina|Dennis|633
Alan|Fuller|746
Jennifer|Palmer|128
Timothy|Pace|986
Anthony|Coleman|449
Douglas|Fox|640
Tyler|Kelly|720
Ian|Gibson|129
Chad|Rogers|938
Matthew|Chavez|18
Kenneth|Williams|925
Rodney|Brown|357
Cynthia|Escobar|212
Robert|Johnson|643
Amber|Cowan|23
Angela|Harrison|609
Shannon|Ramirez|573
Ronald|Miranda|594
Karen|Day|388
Antonio|Rivera|303
Tammy|Gonzalez|279
Richard|Haynes|833
John|Booker|561
Meghan|Wilkins|112
Nicholas|Love|266
Rebecca|Fields|315
Mary|Bowen|980
Maria|Conner|787
Jacob|Martinez|385
Patricia|Navarro|178
Charles|Holder|89
Elizabeth|Meza|317
Noah|Martin|939
Christopher|Williams|712
Hailey|Smith|576
Angela|Moss|877
Deborah|Guerra|960
Steven|Alvarez|651
Catherine|Mills|661
Mike|Roach|283
Robert|Mcdowell|451
Mary|Myers|209
Whitney|Gonzalez|529
Lauren|Thompson|684
Kyle|Hoffman|467
Jenna|Zimmerman|1
Heather|Livingston|546
Ronnie|Mcgee|91
