159|linda08|DUiWoNXUNcjK|customer
764|yvonne19|VKyrlpwlmAlKV|supplier
705|madisonjones|rHuXugiSPUCoKI|customer
445|wwilson|oHgWPzOg|customer
346|mark97|HFZGRSPekhRDPkb|customer
106|valeriecoleman|QVrqpAahYcUipX|supplier
929|patricia22|dNyyfHdUVZ|supplier
552|amanda50|tIoMbnfKlu|supplier
139|hendrixrichard|XRzjFbKrcGafTeao|supplier
718|perkinschristine|TiCuHTrdGRC|supplier
176|pamela75|coJmzABqqdkIal|customer
492|gonzalesjustin|GuqPMJWsoHtWYQ|customer
333|beanrita|cvyaKeYnuk|customer
129|paulmegan|TyBwCMFDsAKVum|supplier
754|dawn37|CujCBAjRFLNGTURH|customer
806|cainlori|ALKVpReaTTmBxzhe|customer
764|tracykelley|KxUyrMOb|customer
888|holdengina|pNSDzlVu|supplier
642|harriscameron|SFfozKIzIIswFcIJ|customer
132|mendozajesse|BcAmVhqkTej|customer
827|nelsonrebecca|PqjgyuEiqPWw|supplier
739|kyleblackburn|xWqzAvCbaC|customer
677|nnewman|ypXSAoVzvlO|customer
58|brownjonathan|BqDXoVwGvG|supplier
922|johnsonthomas|XKOdBHriFvGtDDYD|supplier
358|darlenescott|CiWNBtHueAGQ|supplier
156|eatkinson|UlhjngLD|customer
322|katelyn15|TXVoqOrBo|supplier
333|robinphillips|MpbdQJkHRfoadQ|supplier
889|linkristin|dsFUDSDLMCYI|supplier
49|schroederoscar|JrlieHrXSFfjs|supplier
317|mgordon|xESCmzlMRbhseC|supplier
427|judith40|BQrtniaH|supplier
556|willie95|oVKoHWbrcldo|supplier
580|nicole33|VdeClkYoqbBKA|supplier
635|ebarber|uOFgcIjdaP|supplier
619|abigailhughes|RgpgREGFGJI|customer
800|jennifer72|uAgrvgQHAueI|customer
863|melissa11|KJrFZMPBQZOkg|customer
960|gfoley|KTZhOapqUk|supplier
72|maxwellsydney|kUhKckEECIL|customer
596|michael41|ZKliABudgYykP|supplier
682|kimberlyfreeman|ADIHPHLZ|customer
891|othomas|IvTBROVDdNWzkpl|supplier
534|psloan|CTbsEyewVsgDRb|customer
84|mariahenry|KhFckIzup|supplier
836|roger27|IeOKYcnhTBkhjzd|customer
12|pamelareed|wEOGBjEhCXOlNcc|supplier
224|christopher58|CQzmfRrXkwQ|customer
665|kristen40|FMYOsHYAzqIvd|customer
271|christine46|scKlHwJIlSYS|supplier
905|vdickson|LgNDnFMBQ|supplier
928|james70|wrsEoVtnsvG|supplier
339|stanner|DzeQqXxjRRaDGvnv|customer
890|oreyes|wJIVnCwMML|customer
489|shannonmosley|uazyuMwZasclNUy|supplier
67|chavezjason|KDJZJSZAE|customer
451|kimberly81|TcbVwXeVBa|supplier
63|melaniestewart|XwnfwcPNZOwpw|supplier
853|glendawoods|VkGhdTpllSOL|customer
576|mcintoshbrittany|ncQnWMCePQmYeE|customer
415|jenniferwilliams|JXcfwJUFacONdl|supplier
167|zmorales|CkAchCesI|customer
361|loweryjustin|YizOCqmxYDqUQlkE|customer
239|ashley47|UxTaqRwcaNaFR|supplier
314|lisawilliams|cvjudlKaD|supplier
841|kimberlyhoffman|vSjvlgnAwUrkiRGY|supplier
308|zhernandez|nLTddNBpiseF|customer
294|mark58|ChAGAwpGjPttwG|customer
195|tmoore|CZFgKUFpEKObtqB|customer
683|garzajoseph|jguuvvTYisqsBD|customer
357|jeromeberry|InGaKxoVEyFW|supplier
823|qgarcia|CoEdvtRL|supplier
39|bobbybaker|rwobMJTph|customer
600|mfrancis|anPhwjhqpjcctCm|customer
848|richardsonjeffrey|WavfcYHr|customer
430|taylordavid|bymawNeXPKLaBUrz|supplier
547|moorestephen|jfUAxHlHeMbr|supplier
906|thomasmichele|tbGkVSTmPcvvp|customer
652|gary43|QxDLUQSCube|customer
416|paul21|xObxSWIQW|customer
123|tamara52|vfNlcqISAMs|customer
387|brownangela|qLVQFyBghtLXQQK|customer
418|elizabethjensen|eQDTChqHRtL|supplier
685|michaellester|QTawqdwL|customer
585|matthewholt|kxBmqiiOxZJ|supplier
936|dmckinney|RrMHefqDt|customer
756|edwinnguyen|PMGvFRdf|customer
921|michele06|JdHEYmqDPq|supplier
589|paul43|hqTHDYQRyAdGS|supplier
591|alexandergutierrez|ebmYOpZBI|customer
992|tina54|xRUXqDWmUxc|supplier
928|cynthiabutler|cUlKyxib|customer
246|obrienjacqueline|rxiHmwLwld|supplier
21|shelleybradley|DHbdBWXHwyKPYvd|customer
155|jbarron|YjSyqVVq|customer
320|angelkemp|ELBmHKTlfJZO|supplier
787|teresa28|FGievlziNqqfHN|customer
66|staceyrowe|CHGqYJCmTSaZ|supplier
1000|qdelgado|jFcpWqcHAJgIQpOX|customer
846|jessejones|eqTvgxLnzvdaXw|customer
58|barbara96|ikXngwphaddOD|customer
162|david14|yFamcpsOqGnDs|supplier
44|raymondsuzanne|fufOpHkplDdKLz|customer
271|brian77|RByfyFxge|customer
768|stanley38|QBxAvhdaqhoJGdd|supplier
137|pamelaterrell|MtBgEPtTvPn|supplier
629|marquezmichael|tNtSGerYrxZMTE|supplier
38|savannah66|jveetGoXNPiWO|supplier
399|grosslarry|csVdgioS|customer
390|jameslam|oRHNswubwZmiizq|supplier
41|owensjustin|iIbNUCCkGPKkrj|supplier
119|qwillis|LcCIlXOrwKMOkf|customer
686|erindalton|QAsuppudqHASF|customer
993|xbridges|MAtWUdgJLOgGR|supplier
172|alexanderjennifer|OaiBWrsaHUOQ|customer
279|joseph73|FpqWTbQkMEyFZJx|supplier
670|washingtonangela|GHVbMfrRUIxuz|supplier
135|adamsjohn|siGkLVBRI|supplier
588|walkerjohn|UwHDTDwSYbolHF|supplier
630|fosteranthony|TnQXnGmDoJZpj|supplier
636|shirley91|AzSPodgP|supplier
566|larrywilliams|wrgrhPzYyhlJk|supplier
907|vthomas|TwOMClATfEOk|supplier
387|nichole96|bXKrDEByOj|supplier
740|nlewis|MCPJszRSgvYlF|customer
270|shane22|BxKofGainL|customer
298|judytaylor|QJWEcVJaRHFMHjX|customer
626|lindajacobs|TJSDfQigPpbEisG|customer
946|yjohnson|DGAciqfK|supplier
699|lesliemartin|ZGjhQkVCtgC|supplier
742|dawn35|hSgrFXgEBZPnP|customer
888|sheliaallen|chsczkNgOBDegbwR|customer
40|paulmontoya|jIhcmRbcxVo|supplier
466|taylorthomas|CzzBpCtN|customer
365|vwilliams|tWAIdCmpVXVTACqM|customer
575|levirodriguez|fEcFGKbbIYBX|customer
150|ncrawford|vTzXGEPemh|customer
355|martinezjeremy|NtTgcCpBjxtA|customer
192|emilyschmidt|bBvWITURgThI|customer
133|kevinrodriguez|lyJGbPbDR|supplier
258|daniellehernandez|tPnOCZWFZW|customer
623|iwright|kUcpWUhxUBJroSpI|supplier
648|lisa11|XJURHgRInoeRk|customer
76|wjordan|rLciqtEEp|customer
819|lesterlynn|BSnILcpApsAWZv|customer
887|lyonsbrooke|PClHubFENP|customer
825|montgomerybrian|TSjmrtrIu|supplier
565|clarkjose|FDOaQJJHujlEE|supplier
778|brittanydyer|uCKNSlorOkeb|customer
532|nicole92|XhsGZKeQVfQs|supplier
858|jwilson|KoIrwyjGqQz|supplier
475|timothy91|ztgbZeTmJnCWEKM|supplier
923|zblair|IyoqsRrYSvzVBs|supplier
571|cevans|LddoBLbrqqLLoJW|supplier
54|huffmanrichard|WAQHJSUEs|supplier
592|tnavarro|mgrDoOoBfGlrr|customer
953|krista18|QKdgQhEHTIIs|supplier
864|amanda87|yKHwcqTKTpbxXj|supplier
554|ryancampbell|oaHXOrdvuCh|supplier
149|christy89|lCYcWGWjtOKhCT|customer
753|sawyerdustin|yqwnTTwKMtyZGmyj|customer
998|robinsonalexis|eEXYczKqgoaRHU|customer
438|fkramer|dXhTPCunvwkwL|customer
93|jennifer91|JcRQPuUKVUgBz|customer
641|jamie99|SOLaiCcLeKVTSR|customer
147|james90|SchgpkKbioloU|supplier
973|allenrobert|zBuIrrEwHsF|customer
635|ucox|BUoaGRujLinlICLI|customer
845|smithkristen|coXubXVsrTBEeF|supplier
497|gomezdebra|xBNcJxBaC|customer
116|nmiller|yOJDZeve|customer
765|lisacummings|efKsCPCGHUPF|supplier
390|hhernandez|XStNJsAts|customer
449|bjuarez|kWDUUqDQlyDr|supplier
372|dlynn|gfuTknrHtafO|customer
990|orreric|okgHOThnwnJ|customer
757|cassie64|dqudLYnOFYlfG|customer
535|ashley54|hsYJaZGrrxEMnqOg|supplier
515|mckinneymichael|HWWUvGgzMPQNhm|supplier
807|jessica38|BWfHmkzX|supplier
575|karenleon|KkCRTieCNtiYay|supplier
769|lisharon|sUvAeYseOxQW|supplier
132|mcgrathderek|BISzdDBKNmMyaD|supplier
134|westjose|vcAhBSlqvTgaU|supplier
288|dmurray|teBUSXrLc|customer
313|thomas78|LYEYhPwvtfzxbAq|supplier
338|phillipsmelissa|bRvBFetFhzMF|supplier
609|felicia11|tWAyjHIHdaLp|customer
773|michelle73|xIvGYYRWcKOzIS|supplier
828|michealparker|gJkyYQWWQ|customer
160|riveralisa|tZUQaWTFuh|supplier
409|jvelasquez|jSnhHWRpD|supplier
101|rharper|KOyxUbMVjV|supplier
711|joshua19|pfTxokvnBN|supplier
624|ipeterson|xxYynAVKhDrU|supplier
823|davidstrickland|HRiLfudY|customer
405|jessica43|zhLjABCcSHHRjR|customer
215|martinezkatie|RkJqotsuqoTRNfX|customer
502|vernon78|lKFiqOBTk|supplier
802|adamscott|UdBjcPYTLW|customer
645|keith18|amAYLRnwrF|supplier
546|paul52|OIxbkRhIOppCw|customer
599|elizabeth57|EnPIUMsQCLsOwLd|customer
850|moorejose|wQgeYHnrHSJgd|customer
844|bethanyreese|xvCUVIYSSiVm|customer
914|kristen06|tgDzSyugBn|supplier
520|jonathanrodriguez|adHkRDlIKevX|supplier
735|charles96|QYbmfeESUWOAh|customer
59|mrowland|ccwsCIKYdev|supplier
189|paulhale|PTaPCmBxBdgK|customer
20|bethmason|VFAmFekdGlUjgv|supplier
160|csparks|XTYvarhSDFGl|customer
595|jenniferhart|mktabsgfMSDxG|supplier
208|hunteredward|hPseYKCsl|customer
55|joannemitchell|LTkIWzFLFarX|customer
391|lcraig|ZUpDIsQGYFGXpYuJ|customer
224|brownrichard|nAxkqKJvay|supplier
872|vbrown|ZPfyTztBV|supplier
961|smontgomery|iuqxkpTcMY|customer
594|kylewright|ZQYanxRx|customer
718|corey24|rkLuGSvXHF|customer
463|philip12|vxptDkyZbsIXjnn|customer
813|joannagarcia|ECAUolNJdBhUJ|supplier
722|michelle39|ZvrpDShd|supplier
350|manuelmyers|VxGegZVgBB|supplier
192|jgeorge|vQmrJRkoWAzRgY|supplier
136|zcabrera|IDIaEbcvQEMSc|supplier
23|amy07|CDtKkPlXYH|supplier
746|daltonadams|JLCwUNndJM|supplier
560|perezjoseph|oLzCjQJLwNMD|customer
188|michaelbrown|ZMCbNaTw|supplier
444|julieyoung|KObByQddSQdsqZQm|supplier
205|andrew41|JKMUNtltEC|customer
810|harrisbrett|QlgnxAysf|customer
273|dmorales|EzGsBcbWcnVlJtHI|supplier
514|dmoore|qYehqeYTQ|customer
368|amybishop|uOusSNBxp|supplier
337|ebenson|dlMLjPNU|customer
837|michael20|WbmEmnlXzw|customer
639|rothvanessa|ngRDfNIPRpC|customer
262|riveradaniel|pWwOhUaTRrMGUvL|customer
704|whitedavid|pFAgKRnzaaGLqW|supplier
913|smartin|HXiQkdus|customer
191|jerry68|xdFHBHvmEXMxscsr|supplier
647|velezbailey|erRpeGZM|supplier
691|smercer|xPNxMyKoHgqWLKvG|supplier
615|danielle84|JCMFXCzFvu|customer
813|torresjonathan|mXvvRefIpqrlROI|customer
200|oevans|OJgrHhReYLx|supplier
919|jordanmelissa|VPtqjQaodC|customer
249|caitlin45|MwSfcRtXZkDGNfw|customer
452|vanessa41|UZnUxoRGIt|supplier
389|chelseawilliams|feXYcOuWtHLPcG|customer
110|garnerbecky|ATuvsETFzY|customer
773|ashleygoodwin|oQrIDAmIMnmrAgx|customer
226|rwolf|ydQssVSmMbxWSP|customer
909|lisa93|QYSGYykO|customer
94|phelpsjames|oiZYNCQcnEBGYwTC|customer
283|collinslaura|ZyDBtdLZf|supplier
404|gbuckley|kTpnVfPmSsIO|supplier
661|nicholasjenkins|lPQNLqCm|supplier
186|davidbishop|eurPTxJIVibfTJc|customer
489|brittney79|sRinHqRgwMicG|customer
378|sarah85|fwkitrjTaVU|customer
860|bradley22|jrTcBVzlWokcBOi|supplier
895|terrybrian|vVYUCYNows|customer
631|mitchellchristina|uqcTrRNPVjxR|supplier
446|markjordan|aNHQETjY|supplier
194|wrightlisa|gRxoecYnxxxesJ|supplier
329|nguyenmegan|wtxItxYojzkbiC|customer
426|hlittle|xswhxxQZKFpax|supplier
217|campbelldouglas|GkwHAXxyspQNsY|customer
256|silvamatthew|dJhDsMgRnoLKY|customer
115|michellereynolds|zKoIadOoCYIKYS|customer
235|annetteanderson|rmGUyEmZgpiPoQRt|supplier
873|florestommy|papYDhfKIxrSIlkH|supplier
618|justin26|buaDjFynpf|customer
870|michaelnelson|ByEbLRtS|supplier
146|brewerjeremiah|MXZghrhsFYVbUz|supplier
704|gomezmichael|GarqFTYZn|customer
539|sara77|TBdTceAhBhE|supplier
798|jburnett|GpqPrMBQi|supplier
416|sherrigonzalez|PUTBhqoDSqzBKL|supplier
710|kendragonzalez|ELWqexbFOHNu|customer
527|sandra38|NuLnzebRhfuh|customer
453|kathryncollins|sOKzZawrNGgzrcc|supplier
406|jamesstout|IePGUULwyUrMMfBj|supplier
391|chelsea18|npoWAzJmDPTOqLbG|supplier
988|jennifer20|cbcEzistKupoYi|supplier
169|jodi27|bdRGmSBJxyUqzWWy|supplier
343|richard63|ZDwtsfNdMWK|supplier
255|jenniferalvarado|SzNUSZwKB|supplier
740|swansondustin|nRsRWtTHQxU|supplier
36|ywarner|LDDxYOcpfPxtL|supplier
766|alexandria68|OJIfwPTGwLkDNX|customer
469|nancy65|OKLOYyEGgOlNFIhL|supplier
580|ispears|itSLNNzgb|customer
776|chelsea35|FjSCHbjedOV|customer
899|briannachristian|ZWsARrpI|customer
305|snyderabigail|dngQbDPNqUDo|customer
597|gloria12|fboDszBXo|supplier
516|brent12|NwQHesdDToznxgVw|supplier
188|craig02|WTupYIgV|customer
472|cynthiavasquez|xEuqjHeVasPEYXBm|supplier
252|hawkinsjocelyn|kfERZxeLmwlA|supplier
748|bgarcia|KwWejTSPHKi|customer
570|sharonrocha|BPrhRUXZ|supplier
155|featon|LRDNOJqe|supplier
417|powerskevin|AvackyMsWBRGxxD|customer
856|hornemisty|wIlrMhqZtb|supplier
366|brownmanuel|DknUCJYPLyjoMw|customer
282|muellerlaurie|zMCNupweZyr|customer
618|hwest|zaFWflIbxhB|supplier
490|joneskristi|kCVMfIqpgfBrklg|customer
532|johnreid|SfLhEQXQdp|customer
75|wilsonsean|GmIbuWMhVVy|customer
436|paul14|WPsZWsIZlrQM|customer
310|iharris|tTnvOCDTkc|customer
556|figueroajennifer|YNUMRAHgcTm|customer
801|wmurray|QLdkOuOIhzpxJjUE|customer
881|johnsonjoe|lBebSQyNWuTHijtg|customer
518|njones|SmSSGSFSAvwOu|customer
927|castroolivia|FxLMtsSIUNiyStL|supplier
887|glennperez|SJuJYYNfjbr|supplier
904|teresalynn|XXLZDqAk|supplier
70|fred63|fsGuhdJBDBScO|supplier
769|rachaelmendoza|abZPkFduRILzj|customer
688|martincynthia|fwkDloNqVkEFj|supplier
805|kwerner|mGjDhPVuIvUDzsB|supplier
67|jaustin|XbRYcfLh|supplier
289|kyle51|ZwqZAOEXHYarRA|supplier
362|gfranklin|DXLwaUEi|supplier
76|lori87|sTiYzmcysrwMJB|supplier
80|greenluis|CtrrYoJOZfwdwn|customer
987|justin69|aFryyriOClGX|supplier
599|robertjones|qHbHBrwJJlGKX|supplier
7|christopher02|NVZlHAinYJPl|supplier
473|nicholastaylor|IZqoTvpKa|customer
830|james15|UHuattJPJJMigZhZ|customer
496|vdavidson|zucdXtklp|supplier
590|john18|AzFRVwTv|supplier
170|jmontgomery|rXjYPumsJjcYa|supplier
678|mramos|mrwSYRNIqiy|customer
173|chernandez|IPuzRIcT|customer
53|eroy|cAdrBtfEidcGm|supplier
917|gonzalesluke|xeZSJReLamtr|supplier
632|jeffreysutton|DYYvqxNWO|customer
543|nicole18|uickwVsDUjzo|customer
979|maxwelltimothy|nHnTKMgsLNgw|customer
68|delgadonicholas|bXEymbnDGKagOXq|supplier
625|roberto10|SYBeAIreEkC|supplier
811|joshua24|RXHRHVZK|customer
212|timothy07|oLiCOdNMVpjp|customer
499|hbyrd|DvHNxeMTS|customer
751|ronaldholmes|JmCyxIbXgXirNpmB|supplier
234|phillip14|nZjhaKsAOacvrlqf|supplier
301|lisahansen|JLUiWqWPqF|customer
944|mendezbrett|HgrUazlRUp|supplier
829|elizabeth03|IEjtAqtHtorjokY|customer
788|josephbrown|sEJyvRLhLP|customer
985|spencejennifer|hKTxHePsAiowP|supplier
158|moorewendy|UREfKjHceQCTlc|supplier
168|teresarobinson|PRMAOIPPQ|supplier
297|fgutierrez|EisnrbTuHgM|customer
243|johnsonkayla|KWSKCXJnbj|supplier
345|townsendricardo|MqDnsvfCkNdBHl|supplier
794|patriciadominguez|WQhKtcBbsCmmp|supplier
595|danielyoung|WtDEiNxugvAv|customer
480|edward04|jzeUJuft|supplier
339|rthompson|FUZkDwBxzT|supplier
105|tdixon|pdMVAUHKpawlEWhV|supplier
963|brittany57|tcqvJsYbYvrZG|customer
438|deborah03|WAqOLUnXiAIE|supplier
968|stephen03|sISrPjFFS|supplier
264|scottsmith|JUQXEjAVqoLS|supplier
334|yjones|uPbAgMQQaPu|customer
830|tiffanychang|HnNewddwBxcOFhl|supplier
884|kristinalin|gLLJclowwDJC|supplier
187|richardmcknight|OJNjVvSPkuCjq|supplier
255|tyler08|DXueDELmXq|customer
126|ellissierra|CenfVFSisri|supplier
263|brett23|bTpREyNsmMerexue|customer
468|steve38|rJagavjXMu|customer
374|leehamilton|TMugbkMulLYjSI|customer
213|daniel99|OYPYzIDvtjx|customer
348|srobbins|FrOrrnsrdOuJRH|customer
259|browntravis|QNqYylQJbeAx|supplier
955|paultimothy|JIpSCstLTV|supplier
730|cindy54|PDsbrBRCzFgut|supplier
633|thomas93|EfiWbBdHKHMvl|customer
424|fgibson|mlryVsmPhhsoiuQi|supplier
24|vdiaz|nzcGYaxUs|customer
413|cmiller|GvRolSymzhSUjY|supplier
622|alexismiller|CJfLpTtFHulXIq|supplier
628|emills|WZxvdxYELoEIRId|supplier
712|stephanie09|jHtkhuwKT|supplier
449|danielmorris|fdQPAyQEgLJ|customer
510|sharrison|AWFCQNWdzK|customer
318|gatespaula|fxgMJXzhVeRvkNBT|supplier
694|michael80|Uchqgojmo|supplier
657|pamela98|zrNNHPWTsGccM|supplier
691|srussell|pPbiEyYcqmyLI|customer
698|xolsen|TqzYgcTWcVB|customer
350|srussell|LVwSobzBlfWx|customer
673|nicole47|RqePdQMUJlNqLyX|customer
443|nicholassmith|PZggPwBWgAuIbct|customer
745|marialewis|PttpxbFiRrf|supplier
893|ashley03|GXCLMhqXRlG|supplier
748|huntbarbara|BBgNKnuuydZPH|supplier
644|ysanchez|YzBTBoeJBONUKKaI|supplier
609|johnsonkimberly|LZhNyUwsD|supplier
989|dana90|MhbPdVpyJXEr|customer
542|meganbeasley|EDjWCncQ|supplier
18|hnorman|bojRfpjVHk|supplier
278|bhinton|FTrNKkvhzAjSsq|customer
482|bjackson|iiVXOFdQmBUFavU|supplier
95|ericcrane|UhEYYqYWYPEEqsDa|supplier
487|thompsonnorma|cVHLihcLkFCMG|supplier
142|ppowers|zIUGMsvzph|customer
990|elizabeth07|KVAulnUsNqYTxM|supplier
733|kenneth82|kKyYmdKtRJsayDgu|customer
198|zcruz|nuioItqZElSwZ|supplier
855|andreajohnson|zwtQXLQsjHX|customer
257|ana32|ycvaoEdHmZvmN|customer
358|shannonliu|yTdpRSpGMjKQUqFn|customer
772|ycarrillo|UlZOCWMRVHimYP|customer
493|mitchellalexander|qPgmsQLggks|customer
8|justin03|NpFYXUBI|customer
104|mfreeman|tqLPjuMRF|supplier
265|kurt79|YpwWGGOYMrtaY|supplier
400|stephanie11|BDPFtxRTaMYmLZt|customer
776|ywilson|tHsMyPTTi|supplier
710|zacharywarren|IEZDqAQpR|supplier
442|pamela23|oUfjqUvHvaAOghGo|customer
946|josephnicholson|sSIxLTUbgUItNgq|customer
625|martinbenjamin|XYWRcvHICIGAThi|customer
708|llindsey|UrNzySvbJSX|customer
662|elizabethwalker|sNcmWLvkFwiXV|supplier
779|deborah16|OGcwgdfyiroBF|customer
407|christine42|gvCRNfPyEQQMow|customer
63|qdavis|YPRKwyRlJQZJqc|customer
541|dillonkellie|aDNiucwqtoPeZyRT|customer
972|meltonbrian|sIkcZvtMfEOuu|supplier
233|dukejonathan|UukmjMZgd|customer
458|ruth80|EaXDbBOciMdJVAH|customer
183|martinezmark|RKHzeBBLJSaHHnIZ|supplier
335|dreese|MxGhnXZL|customer
249|ericbrowning|KASUhSOKlyn|supplier
585|timothybrewer|HZPyPHSVXiw|customer
445|rosariojanet|RsXfPHBbOI|supplier
28|zoe73|nhOlpaIGydvAyspH|customer
231|alexperry|oOOEzOcDgB|customer
902|wintersphilip|nBHdmspPGhJRJrbf|customer
667|carriemedina|dcHjQdImjG|customer
853|jtaylor|spWDTElJyAGUcDV|supplier
626|rrodriguez|ZCwfiGDfgI|supplier
54|frankcoleman|jhOQNXlQGVnEOF|customer
744|melanie41|RzjuHyTqKzIi|customer
549|susananderson|wUTfjbMtZfDCYp|customer
274|garciajoshua|fMaWhRElCJPJx|customer
379|kimberlysimpson|VpBkGRVcSvO|customer
297|hudsonmadison|YgoVlvSjRSXyNf|supplier
61|uortega|euKsLUXqSY|supplier
432|kimberly14|zFliojlXLb|supplier
477|julianowens|JnXJyOCfZZQjNYKV|supplier
40|collinschristina|siAAUGImWok|customer
951|piercemary|vayIhmRsANaEvia|supplier
755|bburke|NNZfiKJaOuanBmw|supplier
405|bryce34|vpRJjoPYYnzZVBU|supplier
706|morganbridget|FjgkkWAMK|supplier
62|gavin78|uvTLdGDjB|supplier
455|andersondonna|pCiVTLQcBjw|customer
26|melissa74|kclpoGIY|supplier
604|willie82|cwkORHOMrP|supplier
675|chapmanalexis|vATFtbbepUIv|supplier
98|williamsjesse|MMWmHcoOSD|customer
951|glenn14|XatrInXF|customer
620|jeremiahellison|umkrWFoa|customer
336|alexandrali|kQjTDNJJDVtI|supplier
859|djackson|RKAURMvUVPbHDUUp|supplier
357|canderson|almyobmQvjdDBrt|customer
488|thomasparker|lOdCojTALh|customer
6|jonrodriguez|GUKFfadmcBxceb|customer
883|cortezsusan|EHlCoMeZomJbf|customer
862|kjenkins|OgJGGDqUTZwWVI|customer
697|kennethwarren|mODzfYIFWy|supplier
257|nwood|cdkVGISRYqWPj|supplier
590|vbell|LOKnQjMkFYwHS|customer
466|stephenswendy|SAWqUrnmLXXF|supplier
672|mark57|ewZxKbjruZX|supplier
258|troysullivan|SKfBhAPHf|supplier
312|jordanjoanna|EsoSnsxHsG|customer
304|rodriguezchristopher|TuaOAPMMbZTePeLg|supplier
640|michellehoward|rePPcUNZGoGAedjM|customer
131|sharonlopez|XjLtvRUx|supplier
965|xjames|epPZPfcJBs|customer
364|luis43|tIhVdJdWKEweXE|supplier
150|qflores|dGUbOLDZL|supplier
817|jason56|DWUaxkLrZSPrZ|customer
299|davidrivera|yLWUwTcPSBNaYTLp|supplier
287|brian20|jxcgwexXNSo|supplier
746|james24|TALesJsQArhNQ|customer
838|heather49|aRdflmmDCAFgI|customer
116|loripeters|TtthKROOpFoeXWV|supplier
478|tjacobs|MaEgrVCmvzPoOVHX|supplier
199|johnsonhoward|cuMhfhxACrnynaWG|supplier
734|jasonlewis|hCoeCEOmLL|customer
610|tinahorton|URFdmeyBroq|customer
628|ashleybaker|APtPfogJPOOXK|customer
927|acoleman|GgwEzalFrJEsnN|customer
164|kimberlylarson|EBiVsIyxq|supplier
911|stacydoyle|rzwoXnzcoJwsQ|supplier
762|yadams|nRDusuZX|customer
639|chambersjessica|ITPrwkhORsVmYgX|supplier
403|angelrodriguez|SmgXCQwkM|customer
671|allendavid|sgoRlhqIJlypUfd|customer
234|gilmorethomas|uhfgkRbRt|customer
708|hansenlisa|aXJplUTtS|supplier
881|walvarez|VoQvSLhahZpdlrQ|supplier
301|johnbooker|zxlWxZjS|supplier
320|boothcarl|QNhlaRcnzGJQXn|customer
695|butlerdonna|icRSCMCnEgOG|customer
634|zthompson|gVDsCJvAE|supplier
591|hunterjoseph|mdxDRQFSG|supplier
777|hallrichard|guyVKkPE|supplier
481|ltaylor|dRwOhUkNAyMny|supplier
237|cestrada|GpHifGqIQOdab|customer
607|robert97|tJPEONOddEPq|supplier
822|kross|cKzzuKfqLX|supplier
491|martinrebecca|aDbCQrIfoi|customer
244|villanuevamonica|qunwNrplM|supplier
986|greenalexis|HDGJfrmKXWWbf|supplier
562|jameswhite|WxCreZtXZnV|customer
261|vaughnwilliam|XPIrIaupHun|customer
23|andreaweber|ukmsXwfBbFfCk|customer
373|andrewgomez|XqOLQgcJNFSNyZcG|supplier
517|danielpatterson|eLUqOxyRb|supplier
840|elliottbrittney|EmEtSfmglFxzVGR|customer
500|reidbrandon|zMWQgblGV|customer
692|pmartinez|gefHooWemy|supplier
621|montgomerynicole|OFZdxftfSVxmWzq|supplier
193|ufinley|nmryPdBTcOOd|supplier
596|gcalhoun|FTaTlRbas|customer
2|adam87|uOtOdpFBTMBIIMhm|customer
242|wmccormick|ZgJfRElKD|customer
505|johnlamb|qFrlatTn|customer
572|mlittle|UpnhFPYrIGnEwQAI|customer
280|mayeric|YwjldgsNHuGT|supplier
195|petersashley|ptXZTqEihlLTGNi|supplier
915|uclark|mQGzkSLtMVMBa|supplier
423|shawn61|DGAxcfUvzBCSCHgr|supplier
737|bethortiz|FPCwgSaXmc|customer
186|john86|AtNjZovQEOoHDPyJ|supplier
266|johnsonjames|sBCgIcQrGMbuwB|supplier
694|chrismyers|DcXuJBzjGWfJsQkt|customer
299|llara|DLTrfdqaUlXuY|customer
499|mary62|SGCuFcxIhVW|supplier
646|juliecherry|EWguBSoxEwz|supplier
878|csmith|nOSwfAewjcbJ|supplier
622|swilson|MckBmlyOZlUtIpM|customer
676|maurice19|BMHYKTMjDjEX|supplier
425|jason40|CTZXdmhV|supplier
865|zsutton|cLacuGPkPvBWx|supplier
796|geoffreyhunt|YJtfPRUnQIU|supplier
568|trevorhernandez|UZjAHioCkbkOYTN|customer
648|kylehansen|wGwPmDphPN|supplier
510|hhernandez|CMkZfveUiKrcO|supplier
433|patrick33|TMHRCtjFuwoOKzQ|customer
159|andersonjoseph|FZVMClPlhqkIcWGp|supplier
216|randalljohnson|bEWmtRsjQtN|supplier
209|starkdawn|jLtpBcPv|customer
419|rebeccabrown|TDLsQtuwxLfBgX|customer
251|robert88|VMOTnFkylDvLEeg|customer
495|ronaldochoa|qiqOGyPEPyeRe|customer
236|hannahduncan|IwTaJcNA|customer
29|danielcox|CrxffYnFhAvXSYm|supplier
410|taylorhayden|xyhhyOprRuUVWEc|supplier
340|elizabeth82|iWPCuVOlu|customer
886|rachel46|tqhtLydru|customer
804|pfranco|GDosWakwlJB|customer
343|megan12|XCkwXLBPiQDfjH|customer
53|martinezamber|bbcuGJisFT|customer
113|potterjennifer|YqYjnutYKj|supplier
28|michaelmiller|yRTrFIrT|supplier
365|shanesullivan|dnzPDYCBCMzHW|supplier
964|watsoncynthia|lvWLdbXnykXhQKe|customer
87|lisahoward|vrrwikDNexOOb|supplier
645|nbrown|kkFXPkur|customer
624|destrada|CnGiOznodzemnvyW|customer
304|smithchelsea|JRbxixGf|customer
757|graybrett|IKMRyQquvFkkcer|supplier
991|dsmith|HVuKMKueAqkIfQd|customer
275|shall|UfxheOqmNXkywBUL|supplier
707|sue35|MRvtrBppaL|customer
804|ruizamanda|iopIBxpuP|supplier
536|johnvaldez|fkYqPQsaAKMjvD|customer
480|kemptina|omyDOAXLCZ|customer
450|tranbradley|TeGcouNR|supplier
128|catherine37|sMjqlztGFVgXcyky|supplier
360|gregorydavis|PaXIdWoRkfmqAZs|customer
809|kimberly83|kcUVoLzjQ|customer
441|tanya96|TIcALhTgciZoTa|supplier
736|pmoreno|QZBbODZibonz|supplier
19|ortizdana|dpfVBzAziaoncJ|supplier
327|nicholas17|YqMsQkht|customer
59|brodriguez|nMPASkuLsrdv|customer
895|nathanjennings|lLSDwneaU|supplier
674|amanda00|BEkRjAxKy|customer
78|kleinmargaret|yVnNCTbcNvULU|supplier
508|melvin89|mncwGvhT|supplier
240|pamela68|ucmksOVGAtbQa|customer
930|salvarez|CJtPNEzaAVRqP|customer
860|lcraig|CCocuFJJMOSzYgE|customer
220|nwallace|MxlRgSuSObn|supplier
968|karenhenson|OUwEJsEx|customer
196|brownscott|aQrxjhfxxj|supplier
587|xthomas|VtMHVYebcDYM|customer
57|sean95|aOfoiaaaoAXSC|supplier
347|aparks|RiVDDPcaP|supplier
117|bthomas|YFvcCIckRSn|customer
736|debra11|asXmPjtrfZ|customer
430|parkermary|UUDZrIAaUxVqAR|customer
319|jeffreybenton|EbiRkJekmbDdHBvL|supplier
165|davismary|ZzoBQChjh|supplier
375|michaelgarcia|nQsacEOPElSd|customer
872|morgancynthia|nfvsmTBmqdT|customer
91|kterry|xQZurjhk|supplier
414|phillipspamela|uvowzWbk|customer
230|evillarreal|bTojGLHzWR|customer
334|margaret89|JAbqdiwDwFfA|supplier
252|basscody|pJVrubVQT|customer
749|johnhenderson|btuRHQAESuuFXRih|customer
376|richard71|QuPUskIMVTO|customer
543|patriciamorales|HqBcrBpL|supplier
589|jacob87|RsnhPRdlqn|customer
1|ztaylor|QpselaesinZyNb|customer
836|katelyn93|eVPtkoMzMkikS|supplier
528|sheena83|KiKWgcndsosjm|customer
744|abigail53|zvppWYaXD|supplier
727|greenjenna|yfTaSbXIjGFUlbe|customer
82|aruiz|CdYwfdHfbiiYF|supplier
966|johnny62|FzGDuoZo|supplier
845|michaelyates|ZTrKDXrfcDI|customer
501|johnhunter|QzxdqnlcVfkTrDl|supplier
474|nmartinez|GFVfuSSY|supplier
202|emily22|sVjsOKIArREapeY|supplier
631|joanmartinez|eRJgrVCAHk|customer
894|dennis21|BpKnwUJNrbCenlnE|customer
837|dhorn|WwFsUliIsr|supplier
230|kbrown|byqlgrzph|supplier
401|chavezjerome|JEyFmjzQr|customer
509|mitchellatkinson|JrdOniyL|supplier
180|tharris|ZhzTyWhw|customer
669|guzmanhenry|OlkPSuLHym|supplier
288|jason94|xAMFCRARU|supplier
801|anthonysmith|WaWbrBFVNSwH|supplier
277|lorireed|pszSuFLkNJvb|customer
108|arthur64|HUBIQnZQCalDWk|supplier
352|davidarmstrong|cjtBSJyzH|customer
515|bethbullock|OLymtuNRSxx|customer
854|denise54|NYqsGgknWXs|customer
759|katherine28|QbUrMkdeLOhrhw|customer
247|qlewis|icPKRtWuPjVOSI|supplier
638|petersonjason|egLHcCKCadABsh|supplier
800|iharper|pZDkSMRmVuvjxmTt|supplier
247|michael82|kYUxbltzWsR|customer
321|floresnathan|ktfBKONb|supplier
316|david95|DXYaiOfZuuzJSYOY|customer
667|martinezkristen|hZskADGiIPv|supplier
815|xavila|VmIqbRqtYy|customer
885|shane12|kScBMAJXZEpmhY|supplier
3|gonzalezmichael|nrvHyAmKLjveR|customer
899|ronald97|qoqpzlElIBVAHJz|supplier
370|amy85|HTviyAoQmhiCpJ|customer
81|duncaneugene|nMCxNUdh|supplier
133|juan26|ThFQpvdKJbZCF|customer
13|paulbolton|oAMYPKymltyYLM|customer
460|pwebb|aDZvdWwZh|customer
824|chris13|guCEHXIUrJXua|supplier
245|wellszachary|wTcbmGzhLzf|supplier
309|rogersian|VzQCLRpnUl|supplier
579|seanmullins|WMplLMMcMITi|supplier
446|wolfegrant|HYOjAvsN|customer
17|evelyn01|jVXstjQgPsn|customer
783|ychavez|vWkcNfgaiCbEtF|supplier
571|johnsonamy|hidpFiOutVrfeI|customer
918|ericdowns|wARmYTXjSbrSfDp|supplier
69|michael11|ZtkRoheQF|supplier
51|zknapp|umRQuwcCa|supplier
354|nicholas72|lggQOirMLZBb|supplier
768|grantchristine|gLOveWbNw|customer
291|zbaldwin|LIiWVAoMlRbCQro|customer
112|hansenstephanie|uYrsMnkkiAR|customer
65|ellensims|cmWrSmpwVPah|supplier
363|elizabethwyatt|fEPfHQGssNYt|customer
393|autumnberry|KXQDrLZbjsBloju|supplier
209|mark57|QpWXFuMiDryx|supplier
877|matthewmartin|bPpZtqge|customer
426|gonzalezroy|ypVvwarcVsmRyXIJ|customer
282|carolprice|KmizgptIFvTJZcXh|supplier
759|ctaylor|KUMNVoJN|supplier
583|brianwilliams|CmlpvLmaDdY|supplier
847|claytontara|eVPFCvBwJDATTayZ|supplier
408|rogerscatherine|PiMnZBReYinWt|supplier
109|cmoreno|IIEogSEh|supplier
189|jonesanna|mwDUXaVUWaexf|supplier
916|millerchristopher|WlNbfiag|customer
906|brenda16|qfqiGbobTaPO|supplier
25|lovedwayne|zxctRHKjlAyZza|supplier
821|briggsmary|VMUjWHvIunQfKBF|customer
2|idunlap|GnKdsTto|supplier
141|william30|JjDZBXCU|customer
226|daniel61|KEbWpNwnJvtgj|supplier
969|sblack|wWlyoHSUmJyjgpz|supplier
213|kevin87|tevjscDfI|supplier
73|misty08|HxoGjzMeTGyAEgW|customer
142|castrochristopher|xhAjDCAa|supplier
397|bdavis|QQWqqCdOIapbTSj|supplier
403|meganwebster|DKPPuWOTgm|supplier
218|tammybell|qJDzAIWotcZQPZL|supplier
62|xdavis|BBGcpiJzmGlDr|customer
870|kerri64|NUhrGRucA|customer
612|samantharodriguez|YpGUlXWmtkhRuyp|customer
507|hartjoshua|GtXjkUzOXFcQ|supplier
756|patriciarobinson|YuFVoaWnlr|supplier
355|martindaniel|ppPIWoshHWSTb|supplier
849|vmathis|UEFlXHUZ|customer
535|jandrews|vEonoFhNIGZFUOo|customer
981|dwayne46|CfmtwAvSmeligg|customer
154|rebecca90|duKYxfUkgBYbhVcF|customer
377|buckbrian|swWqxcyf|supplier
766|kathleenromero|fAddZYwhFRe|supplier
325|mcdonaldpatricia|lUtDsHQA|customer
285|tsullivan|mzEUhvDxJzfrbLBc|customer
879|crystal48|pMNaPNREEBL|customer
336|jcook|yGHayqZdM|customer
842|nicolelong|jjNbzGeZTwHIL|supplier
478|cochranjenna|zVcNDeevh|customer
959|ashley58|YCNqLCAqrpNY|customer
999|gregorystewart|BVZqGWmwlQME|customer
232|chapmanteresa|HUuIdjqDf|customer
975|jessicadavenport|OWWUapOSBZyaI|customer
540|vicki87|kpwiowVdEFNMC|customer
26|jody71|aDRaUIOIjEemLsS|customer
935|yserrano|htuFysHJ|supplier
697|harveydavid|zvDUGNQgBUR|customer
679|theresa30|AwMlvuuTPtggcm|supplier
457|paul49|detRnCczJRUPT|supplier
30|amberreyes|BsQLEhmemjGdSa|customer
703|brian73|vlWJelHptj|customer
370|craig74|CajpDNOHQEsiiUfe|supplier
494|sarah86|cZvYavYqbMaGRW|customer
302|shawn45|PjKdfnJSWPQYmoy|supplier
4|tyronefreeman|mbeUkAwmxkPSO|customer
137|velezheather|UwjJpGdAkeFYUrN|customer
714|rlawson|crtnXuszKO|customer
272|alisha16|IRbNmJBqDTzPM|customer
557|lewischeryl|lPlFDNYPHBxPMeb|customer
525|dgraham|lMbFqWTfQoT|supplier
939|mdavidson|FczyKvYqOGW|customer
675|nicholas33|kzPgzgFO|customer
386|bcallahan|ScfkaaVVBhs|customer
348|uhowell|zbetlVQSlD|supplier
974|christiancastro|HXCbmMQbxNxcxnT|supplier
509|kenneth31|nCpgbsEbkGnGFHx|customer
688|nicholas32|iQtheTMJDJUiFqp|customer
873|scottosborne|obVZYCXOLMXaHdol|customer
634|ronald46|rRNqieNMx|customer
114|gschroeder|FoyjEAAyULZ|supplier
461|dreid|DmFkNNfg|supplier
157|andrew67|CFfRpkOwq|supplier
833|jowen|FQnftqjSbegY|supplier
411|julie16|unjvjHxzPer|supplier
291|philipsalazar|BSYoZRlEWaKTYwC|supplier
713|amanda43|nKuhvnrut|supplier
349|george31|AvtqtHYWzAWBorn|customer
908|cheryl47|DSWSmkqdGAgZ|supplier
560|drocha|ttxwaKzH|supplier
816|wperez|RkqWWfPdnDO|supplier
728|williamsdavid|WpSPeIMFPj|supplier
250|haley30|EcEcilhTSEZ|customer
14|yujoshua|grZkEAJNdCLy|customer
852|perezmatthew|YYCsRChsOB|customer
181|progers|PmHuVkDZ|supplier
65|rmartinez|MHERdLqoNygPLU|customer
35|kelliallen|hjJbFxnpF|customer
790|denise51|hnYORkGNBNZF|customer
856|jocelynfowler|PltpBsJHdvMa|customer
583|clairespencer|oZRyYDCRn|customer
564|estradapatty|qTWUbAyjbBuYLrK|supplier
448|heather27|cwHDTzZz|customer
720|lesliegray|iOEmnBKNh|customer
957|heidi59|MhYhrIASpZu|supplier
470|brian89|EnruLJBKJ|supplier
520|cmason|XAaGXvUdhXjzEV|customer
826|steinshirley|ZdiuwkTAtnCFKX|customer
986|kellywalsh|ywuvJFlGyARRFGF|customer
86|sharon44|guJjPoQuQpzBE|supplier
623|jheath|dpnPgcXMaDUkM|customer
131|xreynolds|hrHuJyIaLcF|customer
668|jessicaburke|FWARszhPXOqxHiBD|customer
629|ian61|vlmkYBzQmH|customer
87|mtrujillo|IJSQScAjKYd|customer
663|yvette66|FFxduvnGopsAszB|supplier
829|yclayton|lWTLdSmQXWfEbZCd|supplier
483|qthomas|wTVbuXmK|supplier
154|emorgan|TYdMflAp|supplier
933|anthony79|jzSKsUPVsvWgLk|supplier
795|joycejoel|KpxQlvfbGaszXcMG|customer
125|vgilbert|LySCPxlKLlKf|supplier
502|jevans|btQHtJROibXJwZi|customer
238|bethanyroman|DrmbbGksSBJ|customer
982|branchjohn|uxOyoPgXDbNturtH|customer
944|allenkarla|TMTAGCLRLfK|customer
989|timothy99|UIGUPInPymatFGUU|supplier
982|mariacline|hxBNasalH|supplier
897|zcooley|SaYklbjOMzRmITH|supplier
55|brent16|gMMDcjAPytOBJM|supplier
242|rleblanc|hdssWPuPkSUAY|supplier
763|paulhaley|RNwHuZFBawUJg|supplier
210|robineverett|ChbsxskyIkEI|supplier
608|jrobinson|NAWKxakVs|supplier
74|craigbray|pWJiOYGvGXSFozC|customer
611|anna87|XJQsYdFKsO|customer
306|bhooper|ylSMfntRwUbkwZk|supplier
914|sdunn|gGxDprMTANamECmj|customer
940|hdavis|OTdTVYFAqAUvYPkJ|supplier
421|paynewalter|FZojPlYurKY|customer
550|bjones|pyBmiroyH|supplier
920|howellthomas|rfTudTbfpxLZLyO|customer
970|mbarker|qUqxZpZvXo|supplier
683|michaelmoore|CZpSohHgu|supplier
323|greenjonathan|OgXehwPBLkYuV|supplier
362|jessica38|YcKGHEeN|customer
966|travisrichardson|wjLUrrehYHa|customer
684|lparker|kjhZwWPaXFVRmLz|supplier
428|desiree65|lTPTDMwDumvhJe|customer
307|brandyspencer|ZFhUaljdawWhaL|customer
453|ykennedy|DmAlfTzMCDhrgp|customer
738|james07|GgNzmdYiDNj|customer
60|crice|UIEfPzZYG|supplier
148|tracy09|hNQSybcPnT|customer
658|rickdiaz|EGNxAyZvCfLtXS|supplier
388|durandenise|MuXYjroIWb|supplier
693|lorraine61|EgTEqgqJjzUa|supplier
503|bnielsen|axUojhjyVwJarfS|customer
330|westbruce|PxptDEounMQDW|supplier
270|william51|nmAQLVtyqBbqKpoS|supplier
344|stacy14|NUYPPRBOdXtTAvqJ|supplier
444|iwilliamson|GRNwxlGxUvwROH|customer
461|uingram|gZzVWQKeJZlludc|customer
761|vmontgomery|xGZAYRijZUkc|customer
15|timothy34|NRlzEppFry|supplier
958|allenjacqueline|QODboFZTsDbc|customer
876|fhoffman|JxVLWLwYNkjBpe|customer
531|baileydawn|FpYxWNkLGpBfOQX|customer
687|ele|CLrOKIJCfnzDT|supplier
523|melissa32|byJcwvXsfeoYvg|supplier
217|castillolori|QqXXAIYPXxjDKQL|supplier
863|amoore|rxMWNyoWjzAkHcX|supplier
236|iadams|SoVKObnKppiHtnrF|supplier
855|mollyrusso|jlnwtAsIwOzA|supplier
929|marcus32|SOSifadmBmytEZg|customer
803|hartemily|XXttMFIjgGNM|customer
408|cramirez|lKrPVwPEcC|customer
12|kerri83|agqNzxMsrhhYguyX|customer
555|alexandraprice|KOdpisjxYVpn|customer
935|rodgersteresa|SwaWnsmOYvGm|customer
470|jason45|jwMrmogvf|customer
971|ebony79|xrwfpgCvH|supplier
206|josenorton|YIScQJjBOvxR|customer
207|alecbates|QcJCgrmNRbYN|customer
729|balvarez|mdHqNNch|supplier
356|lyonsmaureen|JWowxcbmiBLGNA|customer
967|davidwebb|qfwHsVaYEDazdOh|customer
384|rebeccafisher|xntYFQdpFNbV|customer
251|marybarber|IlzzGyaZuYQs|supplier
980|josesalazar|tmLgmKKdKeGI|customer
415|barrysamuel|ylMkIWBnNt|customer
14|brandylarson|YSwSyIAlGGPaTcZF|supplier
637|caleb55|frtPAFUUrU|customer
537|svaldez|gUvuOWJkWwGH|customer
294|wbright|wPjtlmIlniUN|supplier
19|xmathews|ztxkUeDRpXHIn|customer
414|rachael69|whQEEgqDFBCi|supplier
952|perezdennis|GJhqrGEJpN|customer
460|qbarker|YSTumAkZiGuW|supplier
987|bensonbilly|gRRoOHqlgzNkNe|customer
771|ashley67|JpzZSNOyjFDRgfZA|customer
995|cynthia27|dJHqjaID|supplier
753|katherine11|iOZWvouvnhvhY|supplier
835|stevenscody|WTeUtAMA|customer
121|stephen55|XcSAyTELpm|customer
900|kluna|mPWoWfRDNjlcMTSN|supplier
187|jessicagarcia|zXNmUgwOYTL|customer
598|lijohn|WuoLfHGU|supplier
732|ericjohnson|MoSgVEjYF|customer
146|lisa51|fyHpbBxAS|customer
941|bgarza|TTkCvUQaNU|customer
410|johnsonherbert|PtYmxuMiyyAZ|customer
471|xwright|tKporNQNxuyFaxUY|supplier
695|stokesdeborah|uyJNVOMnmMhwFhlL|supplier
229|victoria50|XSjMegsIayaMu|customer
1|stephanie10|nIsWBIzewszy|supplier
392|sandra84|vwpMNluEENK|supplier
476|nguyenrebecca|pLfSTWnkREwHXsYn|customer
436|bruce91|yLjSkiFSetNUkSgR|supplier
866|proctorjennifer|yrzFeLxWV|supplier
83|kmartin|adMUDlhz|supplier
303|jamesrose|wSHBREdtcrD|supplier
18|stephanie52|TOSSWcva|customer
646|haroldfranklin|ECWhArBvFgw|customer
317|jamesronald|aoxlNECKwCC|customer
347|gvaldez|eWabJCdyAspJa|customer
941|katelyn88|cRccdRVeVq|supplier
442|bryan28|tgDcWObPJWFi|supplier
105|payneloretta|qiaSoDBEhQUAGgL|customer
788|kathy16|LZFOnmxxILmt|supplier
637|laura42|wTsmbQvnUELRb|supplier
794|mullenjames|RzApblNu|customer
74|jleonard|WCePRFHFuqSBccse|supplier
852|woodsalfred|DVNKoDjChQrthRFh|supplier
300|ymiller|kAHQvsQLYxJ|supplier
969|david43|lGBsWCNE|customer
803|wendy07|pwAgpxYPEoxJzrgD|supplier
377|diane40|fGYCTOXsLQ|customer
763|christopher85|DljtqPfmfCRhb|customer
441|anthonymarks|UxSobVXwBZvBL|customer
144|brownchad|XdbtYYGAaYGoXmAX|supplier
971|mcbridejeremy|MLcsiCuTmVmNf|customer
439|daniel43|ywRoSRSP|supplier
505|patrick37|sHHAEQkQw|supplier
842|thomas72|zPlnBluY|customer
503|lynnsmith|GeVlTXCODgbDyB|supplier
422|alandillon|AsZfQRswjaAs|supplier
183|david50|TyWTcdqIohIpcVT|customer
672|micheal06|GGaWzOSgxCVasU|customer
134|krowe|olxBEFTRfCDEC|customer
501|carlos46|FNnzLUUxTXYh|customer
32|crystal24|xPYQBsOqN|customer
498|crystal35|bORWeVHKubd|supplier
361|steven84|ZQZUXPNBm|supplier
676|shanebarnes|hckzRuKEPRVJ|customer
604|lisaherrera|pWeLBoWUNqKjVGE|customer
908|rogersjohn|irlajDzSpvuLGX|customer
913|vangmarie|lUBjvCKMzeat|supplier
814|nbradley|vpwLKisJak|supplier
854|amber97|OouzNveuVfwMOqG|supplier
182|kennedybrian|MSgSLZWayXql|customer
122|skinnerlori|AaRYiuVBAra|customer
418|aaron09|sgeBCPUDYJT|customer
530|fordcindy|AzLfSqjLFKTPJ|supplier
859|kingbethany|tsqFVRIRTMy|customer
636|funderwood|yeabRUVCHPT|customer
942|martinezjacqueline|ofrPZMeJGCkDw|supplier
721|tanyavasquez|dvALFEBwFvEtnj|supplier
767|joshuagreene|txAfdMubVi|customer
266|desireechapman|sdVioVDBqCp|customer
483|johnbaird|WlxszBUjldPhs|customer
145|abigailmclaughlin|bYwLuDYCNB|customer
576|wrightabigail|MoGtwNTRaSLYm|supplier
538|pashley|RqqTosHUhoL|customer
819|ortegalisa|QVPBEdkXhx|supplier
295|brocksharon|OKvmVpQBLbcTgy|customer
894|ernestrice|tHromXilVFSG|supplier
992|stacey10|pbIFYjwj|customer
265|christinareynolds|wBgGflmfAiA|customer
367|amy53|yLVwnouxE|supplier
937|brianandrews|pUDvNcjUT|supplier
22|hernandezlarry|oalqboJCl|customer
606|johnherman|RBjYDfVwJgTynDc|customer
338|phelpsfrederick|xDGfjcnYg|customer
85|michaelhill|nECzTIBEkmUfaVc|customer
260|matthew88|WBmdUhukhIBaS|supplier
552|ryannichole|ASBNDUtqgVV|customer
770|andersonlaura|oYCQdCUoLvgAgs|customer
380|zwarren|QkVsjyNSmW|customer
27|psweeney|DiVYFsqYs|supplier
102|alynch|ikkXNCyFe|supplier
573|james40|dNQJhzeUYeDa|supplier
4|riveratammy|MqBiQIGFyeuYK|supplier
534|dawn64|hnRUQPQhxDZ|supplier
11|alyssa79|HOAjWaeFIWOE|supplier
315|nmiller|XZMCwMRrthMI|supplier
638|pollardbrent|NDiglmfYwpbE|customer
241|aali|DybDFzdOm|customer
34|btaylor|NtGHURXmQWj|customer
369|hwallace|KDZNjhNoHRIvKjM|supplier
488|david87|CftEAiuZZqhyRv|supplier
241|rwade|JhyDMQxs|supplier
984|vbyrd|PLgGaYtAKTe|customer
542|dtorres|vLCVrZwOgNMbZF|customer
197|rachelandrews|RkzbDXaz|customer
431|bgrant|DmswkRUqHgaNmq|supplier
720|markcortez|fOaSyMTPBhNUxjY|supplier
325|hallamber|MUaEeHAiIAUKgiSH|supplier
809|erichuff|ijvDuuJLvvvqt|supplier
570|pmorris|pQITcQRBkti|customer
211|gsutton|VHIYrRGpsSGrsP|customer
216|brandon48|QjWqZQygRHtaOwH|customer
858|lori94|ZpEbuGVAc|customer
432|glassmichael|XFqeXBQJIV|customer
839|ashleyjohnson|riZITkvsowgSrJz|supplier
340|christinaortiz|ISEyEyHVWVjHqs|supplier
491|amywise|XfnmTMtuLVFIGA|supplier
447|michaeljacobs|HoMGwMbshFQ|supplier
938|randy80|RkXqHzEqIRKlc|supplier
548|smithaustin|dtJblvWpqDEa|customer
659|sallen|twAcleYfTAGqmvMc|customer
920|kylejoseph|LuzNXBsBajitr|supplier
524|parsonsjohn|cBKdXZerKE|supplier
926|joshua41|oEXQBiiIVHH|customer
762|ppotts|ZbKZUSCKvsFwCoY|supplier
527|matthewchavez|ybHikzDsPCgykck|supplier
755|usanders|TlQXvDmMAR|customer
977|frederick78|WhfdGziZspC|supplier
874|scott50|bEBFxuSV|supplier
905|jacqueline23|pHBXiHuzoDspDAsc|customer
713|ryan98|RVGlhCxcJnr|customer
225|michael99|YsfwrLUfSjCzCDs|customer
467|rphillips|RmkfPFPAcjH|supplier
861|christopherreed|mgTqqvIGshyjR|customer
382|johnfranklin|TKoOszUMK|supplier
434|tammy62|HHMGRyXnuDMPKjdj|supplier
689|johnsonmichelle|oDvEUuNyJHRSqEI|customer
220|summerscody|eFgTaDWkEAjdvCb|customer
996|jordanunderwood|bunKgLNBRIigH|supplier
780|pmiller|CimVqEszusHjRMpn|customer
315|lopezkristy|QTCjqhlDIjIehoEB|customer
938|dunnbryan|edosObePpfatNqt|customer
617|lreyes|VXkrXkRvg|supplier
947|lunabryan|pjgzLxBAzLHDE|customer
733|stephen63|FXpTPcoKWz|supplier
275|william05|FxRNHeekfGBHbGe|customer
211|fhill|IPISRdMDV|supplier
465|rowejustin|sKIOfuLxIKtjs|customer
277|samantha14|GiaEIlumXkwi|supplier
64|daniel68|JbrtqmpaFyqcaAF|customer
808|schmidtethan|dOALmMQmSu|customer
792|ashleyryan|wdwlLZxhcMttOl|customer
30|uhill|ZVuWvAXpRYK|supplier
46|christina51|SjJTJJmwRUUbAxfo|supplier
398|chad74|FpMpDNBkQisbXqLO|customer
190|justinalvarez|oQFiDAVjwtxk|supplier
569|william09|AGJwCkPgvqIsEo|supplier
820|anita34|HATSJTGJyY|supplier
326|madelineschmidt|uVIkKIqHiw|supplier
577|matthew66|ZEhKhREWRJSNy|customer
293|ksandoval|GDrTgRwPXzWZ|supplier
103|dwilkerson|WACoHdEoEixO|customer
643|serranocory|uhTiaWPxhLSkPDO|supplier
775|keykenneth|KAunfdWpjxhXuK|customer
324|robert47|FNFecbqNTLzqaHTd|customer
772|alexandradalton|oUZCGIFCqIKX|supplier
215|maddoxsheryl|FCngHEfRaEpPT|supplier
152|cherylthompson|DeqBHfSaBDZuKytK|supplier
394|carolynwhite|qATjgUxIjZBlnhSd|customer
976|cynthia97|FJYyacsXxvMNkmLS|customer
610|garciajeffrey|AqswfcnyDfFC|supplier
750|charles85|hKTyegzS|supplier
91|amandamitchell|daqRwzKazsmB|customer
375|carol24|kubODrnxHGefSY|supplier
389|samuel80|ThKDtvCIjZnW|supplier
548|nicholas97|mVVgHWDPqj|supplier
974|penny64|qKycruXEXlD|customer
521|angelahunt|MFSCGuAcaTeqil|supplier
664|maxgamble|sGWbuFCLLUWl|customer
20|whoward|roUjHafgfFSdNEc|customer
942|kingcurtis|lQtqFrlHVcHdy|customer
455|idiaz|FtCpFyyooIQgELs|supplier
616|martinbeth|wFPERzwxdnacG|supplier
981|bgross|JepDgFzPiIcmj|supplier
292|wmcclure|AXPGKcbnSqYGiQRn|customer
988|garzajonathan|lASdeRtOJo|customer
547|oford|bmbTzGHxDOQHs|customer
141|lopezrebecca|dPUyyqag|supplier
463|nmaldonado|MzIxprLCQXbtGW|supplier
420|haleythompson|dcVrqzJANzFnaSuq|supplier
260|dawnherrera|lGPDXSrAH|customer
687|nfigueroa|YForoHpKiP|customer
97|robert55|tcJteyzzcutRsW|supplier
112|allison24|jLBnoSIvFK|supplier
831|susan65|qDYhaajPHliTTf|supplier
93|aspears|TDzkRSwlUJ|supplier
276|michaelyvette|KXXCqtrSDgDkjamX|supplier
743|goodmanmark|iulioBQAiNVYamQa|customer
717|melissa27|rdTBtXUrhKqcsEQ|customer
671|samantha50|coWQvWCWSYncppp|supplier
465|nashanthony|YogEWVaS|supplier
544|michellerose|LpMlDMJQdsVTbtH|customer
949|julielewis|aBQQHFuqvKefXVVb|supplier
198|walkerharry|uBhTqjmLEIJ|customer
162|joshua82|byxUoOLaXcSH|customer
709|matthewsrobert|DCbeJlBm|supplier
849|yjohnson|YMsNrZItb|supplier
669|ggutierrez|FlyemIzjqgmd|customer
110|qsampson|GxHtPeThkzGkwgY|supplier
594|robertcunningham|IVEoPylnhhaHB|supplier
178|angela13|CbhxdAITRlE|supplier
178|hstevenson|wJCHdHDz|customer
641|stephanie24|GGNdTjGjhfdoYB|supplier
302|zpetersen|VrhUjbkwqJsAlo|customer
98|petersanders|YNBzgSij|supplier
378|matthew16|QechcfLoAVvWCQ|supplier
27|erik49|JJtVZnPERsRb|customer
884|kerribell|tbHlpibtnGu|customer
983|matthew67|mwOBqeJnsQeEQxnP|customer
48|margaret69|oBPAYFZOBw|customer
401|simpsonjamie|txDgaFLgy|supplier
978|valenciajose|hEZyREbkp|supplier
35|jimmy69|EQZKrJqNTmNYOf|supplier
284|darrengrant|lGcOonynDXOIdBp|supplier
965|martinezjamie|uqQWUuDKZn|supplier
786|kmccarthy|WzuOhqBjWo|supplier
169|williamsveronica|VcdmLKNmaKd|customer
551|vduncan|VLAcgTWDlVOj|customer
205|mho|cydFXlNzWO|supplier
656|randywelch|jPaRfUgjvppQYM|supplier
876|fhamilton|guAxGQed|supplier
462|melissa20|JafDOimgzCcHEj|customer
523|cookwilliam|nARQAzTkaBHa|customer
487|robert23|ECCFUTPRDLq|customer
359|wandajohnson|SboLURcgxMX|customer
577|madison21|uUsfpwnT|supplier
997|fjohnson|YwpYclBO|customer
57|mark34|vGeandKhZcTnAAx|customer
454|jonathan65|QHsflsJePazL|customer
931|state|ShICzmBRp|supplier
221|colleen35|KUfYpXFAlesBT|customer
582|rwoodward|DtquMhSBaw|supplier
312|garciaelizabeth|mxrJUBrURQSQgva|supplier
758|gregoryholder|zCLcvJQOQZnSb|customer
283|fpatton|VJFAfMSFOUHlAp|customer
201|karenholland|GVgfxxjA|supplier
732|jason24|vuDduWzubkFdFW|supplier
807|robin41|hPZRgyepFlzi|customer
61|iwolfe|jaEmsVThflyLWJt|customer
428|gcarson|ClPNxbrwP|supplier
674|larrysmith|ZnKlHJOTmyx|supplier
731|melissapotts|cMxYwVgYVqose|customer
303|derekthomas|NtVCvQjcujlEFi|customer
250|gloria73|mOlcpXGt|supplier
80|omar36|iOUFkzFUPW|supplier
948|david04|sYyZhfanp|supplier
309|martinezsteven|GDfVdJXvwl|customer
457|josephsmith|jjyyMaCNviPwYfx|customer
770|rholt|ZYVujLKwTgVZpPs|supplier
640|forddenise|YSYPbVzpcoQtjPjK|supplier
558|qmyers|ESnmtjMXwLEWr|customer
578|nataliedavis|BbDVOobupF|customer
948|debbie45|UjuRqGrqdXoax|customer
310|martinezjohn|MqciuSFoI|supplier
945|bburke|ijmLGgpqkDGFRyxD|supplier
882|bettyholmes|tmczoUcdGg|supplier
165|jennifergarrett|OUByiivGrBg|customer
267|xlee|GgZiIPDukr|supplier
486|yhorne|XufauwCzziWwzbqk|customer
279|april55|zFOWcHJYiNfxJ|customer
557|baldwincristina|PvloxyDaia|supplier
435|kevin77|JxFIMdzTIlH|supplier
724|derrick56|nwuGDVjFwGR|customer
572|susan90|sqnTyTgw|supplier
613|xalvarado|dQEbgiuvPywRyjS|customer
725|judy34|TTqITQtREo|supplier
228|christine79|JxZxkzHfjG|supplier
319|mcleanherbert|QcHFZuOg|customer
751|batescheryl|GFsJDiVBRFu|customer
784|doylepamela|oajomijWBwznHb|supplier
632|phenderson|ukNgqDLXoIZJExd|supplier
342|stewartwayne|GUqcyiFrMHR|customer
243|lambkeith|suUoPRPnjXeajsJ|customer
422|charleneibarra|OHBjicquvzhtE|customer
521|bensongabriella|nIrVQoIHoVOEjqcm|customer
204|kimberlybrooks|SfTZKlxeMMRx|supplier
168|gallagherchristopher|yjlZQiIcX|customer
305|kimberly77|fVExhIwdLcfndd|supplier
399|micheleponce|pBmrHkZr|supplier
451|wardjason|FdMCrEFPpHUqPph|customer
559|lisa61|qehMGOxxNQFCiJa|customer
862|darren39|KLrmRIuuft|supplier
41|jacobsonrobin|qQaVXHxQ|customer
223|castrojavier|MrsMNfeHYM|supplier
185|andrewgibbs|nGxJRxkkSRPvA|customer
468|morganpamela|BqrBmcnPj|supplier
979|shannon56|oaTfjVxgiEHNITk|supplier
869|bbell|ooJQnzKtcdEly|supplier
779|ralphmunoz|YUVdhlAUrWD|supplier
32|hernandeztaylor|EOdVSHoY|supplier
346|paige25|kXaekBGusiL|supplier
954|bwoods|hjxvWUTAxnlnGPN|customer
383|mcook|HVfcgUBbQJ|supplier
238|jonesdaniel|HDjpYaSMFRFP|supplier
287|julie55|seiOtdwftZuO|customer
329|anthony24|DEeuKjai|supplier
172|sheryl33|ISCVEdyrmhUAzRX|supplier
726|barbermandy|vxMoXNQiGXYwPl|customer
281|ajohnson|xWQMUWFGV|supplier
608|brewerjose|DQCNOFPxV|customer
959|fbeck|lHnVrDeZGgONmm|supplier
237|natalie23|yxTeSVjbFg|supplier
123|royharper|YrmXHqeUHlZPKBP|supplier
383|kelsey49|LRgHGEhIdZ|customer
661|rebecca43|MUMxwSzjQuu|customer
177|bortiz|BTFKISUZdvYqQt|supplier
649|kathleen92|fHvpiPuK|customer
760|lewisjason|RCpxWALiMIzNdf|customer
857|lisa53|FXPjfzuRRLl|supplier
586|andreascott|xTjtyVGaTs|supplier
354|munozcathy|BFkcjgTgKIe|customer
701|ithompson|CjALltQcluNvK|customer
231|robert08|AlsjHZDJSm|supplier
143|whitedustin|BEIncayPMRkLy|customer
991|morrisbrandon|vEbiEkWQ|supplier
127|sarah85|REkhfgKvbJX|customer
176|nguyensamuel|BPhiJPOlpYlMXEUt|supplier
135|mcdonalddavid|VIWXoupq|customer
681|davisanthony|DuLKcfyMWKg|supplier
945|steven40|pTRjbyJlYZZP|customer
902|owheeler|TWGPODbGwZVS|supplier
144|kimberlydiaz|VmqUiTXtvuQ|customer
199|qoliver|EKjNwoSxZFwHJR|customer
5|harveyanna|PLfTJQnN|customer
834|sharonnoble|ICJaohDo|customer
600|zdavis|KitabOOpk|supplier
200|sphillips|UOvYDDxOhuyraLa|customer
254|hromero|egKTllWb|supplier
437|edwardstimothy|zVPbiRoYlpOoYSN|supplier
328|foxphillip|BDQBbwjk|supplier
519|ronald86|mCIhsFUaRAUq|customer
485|watkinsjames|YITacJhPp|customer
654|coxkaren|rXDlGLSwDk|supplier
395|lbryant|jVrYJXMMHmATSb|customer
659|amy20|XsioDROL|supplier
326|davisanthony|nYCOIjehf|customer
960|lisa08|KLEoHqaTiui|customer
328|thompsonkyle|lwkXHUWy|customer
605|jasmine67|OMeOFuJznFbGnBr|customer
264|moranlori|tVypryYDKZCq|customer
476|leahcasey|OxsDTwabSXG|supplier
156|deborah15|kDWtWUOcpmVn|supplier
551|michael56|BYjAjoBfuJMzySUO|supplier
396|amberhernandez|aIcaHzyf|customer
793|sgentry|xFazOcEgCGy|customer
207|umiller|zDYgJZolaO|supplier
381|rjordan|dxtwJNqCxnMgQXYM|customer
901|yanthony|xwQNeYHMCG|customer
92|robinsonronnie|IZiolhXrAJ|customer
16|itodd|mcdqQkhIalIQmRO|customer
603|evansheather|EnztZMraCrPWVco|customer
233|ryan29|VfAbcyPKOtUQGjsj|supplier
513|mariarogers|ZugOplovEbC|customer
867|cmonroe|YPhUovDs|customer
278|leah43|aabgmDyVC|supplier
262|justinsutton|FHNgToOebVpXfNG|supplier
686|clinemark|XwAxXYbdvZfZH|supplier
151|jamesray|GBZnaKzBEhIuJGWY|customer
897|benjamin90|jiXDsDbdfKF|customer
125|sean71|TvVVIZUKv|customer
44|emily64|JanPfXRJWCDKJzRM|supplier
81|beth36|aAXGhNku|customer
723|jchavez|XqHUXXve|supplier
921|michele44|DuVUvLdEjjFhPpM|customer
124|anthony10|xquNOIhAundQjM|supplier
289|antoniomoon|IcbeBHvQXqubN|customer
335|brianskinner|fKeEESzX|supplier
799|pamelajones|fnjWkobKWbbbmZN|supplier
327|emcdaniel|FhoIQlVzmpVMd|supplier
269|tcook|MqKIiRaaymduBPdT|supplier
793|qcampos|AnGOwwdhQco|supplier
1000|scottmorrison|wgNnzLJnnnNMIM|supplier
219|johnsonnicole|jqpkgZOrc|supplier
882|irobinson|MRqicBONmZz|customer
601|ramirezkatie|ITErzVOCj|supplier
835|uhuerta|zztJkPwKvlNvL|supplier
816|westashley|mQNVKUryYibG|customer
450|diane54|OFQdybFng|customer
660|jennifer48|OzwzKKTAUEqfX|customer
699|josephschroeder|vDMmHRHZhgsyuOq|customer
790|jeffreymolina|XPBNTTlM|supplier
652|margaretmiller|ABhALWei|supplier
896|ehoward|ETmPKPuSqF|customer
106|haleyjohnson|XzDKQKaERQxE|customer
972|conniemercer|JrlEQykcWghA|customer
964|mark58|Hgqmhbyz|supplier
561|courtneydavis|bdCSwJQaiK|supplier
56|tammy15|MzzdOpwSaGjdMe|customer
717|davenportlori|vNqpHvgDUcWM|supplier
484|vlarsen|ukVVERmgfG|supplier
180|emilycastro|AdJecTEjJjeu|supplier
885|jonathanhernandez|PmawSXxUx|customer
68|cgilbert|DnbkcArs|customer
245|michael63|xgDNyYLhAatjb|customer
954|sanchezbrian|GVIgLkoO|supplier
650|blacklisa|RYJCtKLVCtAAuUEG|customer
538|christopherkelley|EZZdxIXN|supplier
726|adrian73|mEkHTSDd|supplier
832|jesse60|eqSsNRYogoz|customer
861|lisasnyder|glfGeZKsW|supplier
978|ledwards|kFFpkRxiHy|customer
627|jessica01|JqXoFsbxMJtkmi|supplier
419|dwoods|PyPNblbxJVHc|supplier
910|gomezchristopher|EeWlOECRw|customer
936|pkemp|vbXGEWysx|supplier
97|masonmatthew|bSJyRCEVSJALmhp|customer
351|rodriguezlaura|bNnERjGM|supplier
584|pscott|VlPGtnyeYkHBw|supplier
248|barnesfelicia|MKMUPILeGaAIqJa|customer
795|hsmith|jzHCNBpvHzTk|supplier
734|dudleytina|gEpZTaNFi|supplier
174|baileyjohn|AfLkHRMbUxrIutpV|customer
379|ijones|sJezamyxsOou|supplier
868|dorothy41|mcLibngCZih|supplier
268|wendy40|cutucJZTGxL|supplier
290|george62|pcmSEooOxmTjpC|supplier
107|brittanycook|ulebkHbq|supplier
420|hoffmanjeremiah|DlWSKGIVRQxTj|customer
723|leslie98|cKkGGnlb|customer
680|banksjermaine|UdlbIoJhF|customer
851|rodriguezmelissa|uONCFasOZsoOin|supplier
240|christopher41|gDtLsQHIVhBDqdqO|supplier
412|watersedward|WzAZNMlmbWwLeJ|supplier
896|keith57|GYnWxvsVdB|supplier
268|julie32|UZyZApuqkp|customer
886|kshaffer|nkQKIsGvehsgtzzB|supplier
871|johnsonmargaret|lJgmJrozPwZum|customer
911|fosterryan|BttTaGUHjLju|customer
31|qho|nnbZcVVPxZ|supplier
690|xhowell|QLGSFxGSHZvkGmvw|supplier
33|alice36|KjbqChvl|supplier
86|baileyjennifer|indlRvYZdS|customer
620|carterconnie|XRnQzRNQRgtfuG|supplier
931|josephsmith|xRudQkXGvfLTfMcp|customer
719|christopher86|yVINhwoumINTIKSy|customer
796|williebarber|tQzgHPhikrwCVNv|customer
781|blopez|TmmWiSyBlXBU|customer
912|nicole32|DqNWrEwE|customer
961|hughesjohn|EPtvYVGpdLR|supplier
903|romerobenjamin|lAldwxCgqcFWcUzM|supplier
24|vargascaitlin|agPtqVyi|supplier
664|stephanielee|KrqGpwRsjOORhJPA|supplier
393|hugheskrystal|RtKQIhItJf|customer
36|tkramer|oqgWczRtpfQYVslO|customer
715|jonathonherrera|pimdMOGw|customer
158|banderson|mKZGLDNywWYRgM|customer
292|tarahowell|mTuFUjuYTQdoqgg|supplier
194|cholmes|HbNpWYCq|customer
805|wardalexis|zKPQSokpcjivB|customer
458|dryan|yWnXKWhPhfH|supplier
536|brandonscott|WTeHxSVEicChK|supplier
541|mwhite|vppCBTXqroD|supplier
703|sharon45|EHeodntIPEqKVj|supplier
493|peterpayne|JHndFfSlVi|supplier
963|gwalls|QbGGjprACsA|supplier
546|dsmith|WSlHbOTyi|supplier
681|katrina50|sMCsoITAcy|customer
530|austinnichols|gMGZHndJjptp|customer
322|gkeller|kLUiYPLPfyZjXz|customer
735|rebecca26|xUiyJkOCSNYtxyu|supplier
130|aayala|GXpShObzyivJSKMU|customer
980|xashley|GfqOQmfjML|supplier
286|nicholasball|IVFmeaSivhrJkTeT|supplier
925|loretta01|XAdJOPgi|customer
518|ocruz|PsnJvXtwyCVcvNG|supplier
371|weaton|tdjWMlFm|customer
214|francis47|SCdbMyOEldI|supplier
46|agarcia|AnIyCjkQUNAwrNjk|customer
955|ehubbard|PSCaBixYjRIH|customer
440|gtodd|gnrJPcJu|customer
814|gmason|KZbEixkH|customer
100|leonardhaley|FQkfemdL|customer
152|mejiatom|jRRhGbRPGDS|customer
893|mtaylor|FAobpIJKYYMLBT|customer
533|hannah45|UPqaSZAe|supplier
668|kristin09|wNZYlaWW|supplier
797|donaldwebster|kTUaFpJaC|supplier
932|perezmargaret|ohKvtJiT|customer
650|laurahenry|pQHZREYSNNrPP|supplier
700|mason67|hFzEIBRCMpnESAT|supplier
900|kchen|QGfuqLwbnGgX|customer
721|johnpaul|mqrslyet|customer
161|whitepatrick|EYbxJMxgGuzQHcR|customer
153|jennifermorton|uUuGaEoBM|supplier
281|carpenterjohn|TmiZSqQOpWLz|customer
285|pcampbell|ubHndSuxiFAGgd|supplier
25|kenneth71|SGKVCHwnIKJxV|customer
388|rhall|OdcKvnwnEtFXIKpo|customer
851|richardsonstuart|JnWdlpujxKlml|customer
8|patricia02|XAShvdysEzjkbEF|supplier
799|jonathan99|LNjgOrjlsmnonQ|customer
104|iweber|GvFcgwxKef|customer
761|brentthomas|XBqBILxZps|supplier
797|theresadennis|lyvavTDvszMk|customer
533|kristina33|EDOHeAYwT|customer
21|shannonmitchell|HEDKEigWBKtIRjLG|supplier
78|emilygordon|FsWQYxNxunoiCKX|customer
889|whiteryan|NuPzlRjhAT|customer
832|margaret83|ioIYHvAPL|supplier
962|kimberly24|AkqONKllH|supplier
742|kstokes|jLcDpSumuzNmsGi|supplier
331|delacruzmichael|WNDJrtqaRbmCNAW|customer
537|gerald42|CykbPfprlCB|supplier
274|sandra43|ypLKxNJKbR|supplier
366|jennifer30|PanfVniCAnDwczg|supplier
22|smithmelissa|AxjtDnWlsnQ|supplier
151|prussell|fujsBzBHjZmGWA|supplier
778|kevin81|mtlWbvyfKPn|supplier
400|cgray|jLjQCaVJstmMOnF|supplier
308|brianna13|kIjeUqJKVIO|supplier
771|oliviamills|CxqRohaCWDvYmK|supplier
88|christine65|jzBDFDVkmdFVTq|supplier
96|ericabarton|yyObwnyfjO|customer
673|kristywilson|VCOcMZhvBLQXYue|supplier
10|hillamanda|dkcUsAuRyVBJlYw|customer
574|tolson|TQNJQmLe|customer
202|danny51|vtOxmaFQTyPk|customer
782|ktrevino|eiYULVMGXgTPtHkj|supplier
725|stoutbrandon|lTFolkZD|customer
519|sparkschelsey|GgrWZtrtE|supplier
747|sullivandalton|uzQNfvCrRK|customer
171|christopher87|pzaLntUHCD|customer
69|elliottmichael|QxyPGRbEZvYxA|customer
95|jamesrussell|sQFdsWxrAvRsDfXA|customer
617|nathancruz|VvomrPLovBOa|customer
406|kimmichele|UjBCnFWKHqPpx|customer
181|alicia92|tclMbaQgTWzAhlp|customer
173|wolfkatrina|BCenUWzGtcMa|supplier
784|pjones|ymCSLOae|customer
100|rachelsoto|XFNEKAJiPijkb|supplier
11|tonyaking|BEloALtDVcfjqO|customer
526|daniel45|dfQcrihosdSpX|customer
412|shawnlindsey|mhhcQvAJJo|customer
930|andrewmendez|OrmxGvUuLy|supplier
621|xkelley|bRVkmiKFppxusWj|customer
411|sanchezryan|TzrtlVZj|customer
550|ybishop|FDCfMXJeKGqCFy|customer
43|brownlatoya|ZzLubDRAdfbVJxnz|customer
678|david55|QDwdOHjz|supplier
103|jasminesmith|WIXLbgTdBiPEwq|supplier
467|smithdavid|zvOUFquVAhEFS|customer
126|thomasmarquez|hANJzklTCQYLJv|customer
684|kimbradley|nZyrxTpoQ|customer
529|debra81|fOsGYvaWEeUsb|customer
892|gregoryjones|skvlQXLOEGv|supplier
785|bmedina|GJvmAWUsFcR|customer
82|luis17|favSvIkHXFxvmj|customer
985|michealmarquez|gjhNhKNv|customer
474|bendermichael|orINqvXrzJnqoNMz|customer
306|rhunt|kkdaifwXKSkIbtX|customer
789|cynthia79|nqpxlSoVQHRSj|supplier
943|bradfordanthony|CddNkcucCO|customer
228|salinasanna|aQFEdNVRSZGTWk|customer
752|pateltaylor|owYUzUjmEl|supplier
208|davisrichard|aSeHLKwtulQL|supplier
789|mossleslie|TRLEERAynTxY|customer
369|hriley|SmUjdaLmVU|customer
511|william25|cSLwILbZNIcXO|supplier
857|choffman|vezQAYSOk|customer
433|william79|kTUJcQWjhjtdhAj|supplier
218|kellyford|OJkLcGErnuEWkKvK|customer
792|ybrown|SWKggRGi|supplier
700|cthompson|wHcXchNpVFURmLAP|customer
727|tuckeralicia|mzRLTrDOaE|supplier
602|michael10|aChMVEZbOmmMAg|supplier
975|christinescott|DpPlVytJfUtZ|supplier
774|vincentlewis|wpuZmSQMdDgyHN|supplier
429|michael97|WcgdxAMSyrnKKu|supplier
182|kimjames|QpYYqAFFU|supplier
514|reedisaiah|jqLWnVoIaTqKzW|supplier
933|penny62|tcJHInSzx|customer
398|kellicortez|ZlfsZeFGltclEQt|supplier
798|julieweber|LHAcfeTVvxkzJsh|customer
924|sowens|BzZOtzTP|supplier
847|tgutierrez|eXOqtEyghVRu|customer
120|lori95|DxwuaNLKeMh|supplier
996|stephaniehickman|tgCgFYSLV|customer
367|eric04|IFrrhHXiUPbUrMp|customer
504|xmeyer|JbBerViXHS|customer
66|jponce|zrvFZgSKc|customer
161|fjohnson|JfiPdDFsfBUO|supplier
485|harrisangelica|GkjxAgjYXAepaUxg|supplier
516|cookjeffrey|eqzSgiHClXjA|customer
374|christinemeyer|UCozGJAd|supplier
712|denniswalker|RDCGUGEYU|customer
903|wsmith|uwclxdiOf|customer
456|jeffrey15|bWieKlpgevDSVOJ|supplier
6|woodheather|wYfGjJoJsxE|supplier
606|amandarice|qbXLzpRWZDGmw|supplier
745|johnsonmathew|qCKETcCYLgmHH|customer
690|carterbarbara|TcpKgtsytCwIwMBj|customer
633|lmiller|gdreXpOkbTjGYLw|supplier
738|colemanchloe|tQLiNCGlVFqkq|supplier
462|davidfinley|jQuXGREk|supplier
923|coreyellis|gMMuzUhSsC|customer
42|erin54|kNHGYmaoPET|supplier
353|josephhernandez|ovkbbbBJnyZriHQr|customer
758|courtney31|vhfZlxTxg|supplier
479|matthew63|vIcWuxVEqlDPOMKi|customer
318|shawjerry|bZnbPcGvuAMJA|customer
376|kathleen00|YLWEuODIAva|supplier
817|wstafford|uWfzRkmDQbp|supplier
500|brandychen|VMGISzKldVtxk|supplier
898|joseph73|CqkCvbUHSYyOZb|customer
741|jeffreyharvey|XhBWzstgqcWEYP|customer
821|theresa91|TfcmYpPrLwCU|supplier
743|morristonya|nBnWmXQwxMfOwGr|supplier
824|james56|rBmRttFRkeUIVlD|customer
90|imckay|kvoLrzDrSjnbJmxE|customer
223|emilynavarro|zhGzwQUL|customer
99|claudia67|GpLHDpfMXLMARGN|customer
193|kdavis|aOvHdTRliitbr|customer
952|tinacardenas|EenqhXMTHdgQdvUb|supplier
79|hdiaz|DEdHqnKDJ|supplier
77|samuellewis|tTvpapICpUi|customer
728|kristinwang|thjcUCxDsglHf|customer
203|carlosrios|qEVUwVSsUzMLv|customer
101|tonyaharris|futWaURg|customer
342|bpitts|PPhyXkbgFq|supplier
582|shanebarber|oudNIUOxyAqaANSQ|customer
613|jonescody|igDfzWHtLh|supplier
72|chadnguyen|JzWvicKUowu|supplier
682|cookdana|uvwrvNlkccaJ|supplier
693|jamesmoore|vkSLTuSGqyg|customer
52|stephenmartinez|UqIphiCqK|supplier
464|wrightdaniel|qUZAvDQzygqSGSkP|customer
750|alyssa08|sFvQtzwLABw|customer
70|joannahodge|WWdWaoDc|customer
558|sherryrogers|NeRSKKhPwfi|supplier
658|brady05|QvtYrUUQxIOX|customer
917|pbass|wZuozrIyPb|customer
109|andersonjennifer|JKuBsHNr|customer
244|pramirez|fQgsAUVgFoP|customer
614|patriciagreene|BfhkHNDcxSTxt|supplier
828|egreen|aOrePuzsztnhp|supplier
953|dmurray|ikTVueeYIV|customer
140|stevenstraci|ABztwpVPynd|supplier
316|timothy24|rGQgjnYEbfJzT|supplier
497|areeves|NDIVMiSSPFN|supplier
300|rhonda39|usHetOwAPwFOPb|customer
891|laura10|QVsjdPdLdAVkeLMb|customer
956|davidjohnson|fusPtLhU|supplier
993|richardsonjames|eZqUJjpLaYYoBi|customer
171|patricialuna|XDPgSiGr|supplier
918|vjoseph|YAZPpoILAZLBFx|customer
878|steelechristina|wXYTUIKo|customer
826|danielsjustin|bOtCrrmwxNCPlitU|supplier
747|mcguiremanuel|obvjWHDcGwPByiqk|supplier
349|kristinaharris|WnjGZhqPaa|supplier
785|bennetterica|NargPXeByXxA|supplier
841|nicholasstephens|rePzUBbuhB|customer
423|laura11|rYXRqGFtRlbN|customer
145|rmartinez|hRVOZtDc|supplier
702|wdaniels|MLBCBmkElc|supplier
298|rogersjennifer|zRpYKtSQGdC|supplier
642|susan21|xiMZqPCq|supplier
844|noblewendy|BwyJEbMepgdRJn|supplier
404|joseph90|OOTPWCxQyWK|customer
865|urodriguez|fVZfvJyG|customer
311|hudsonjesse|QuWelGTgH|customer
71|david68|sjEuBldVrefnBcg|customer
566|annalopez|cDpzOarNc|customer
651|richardwilliams|cphyOgKJHREYkmIC|customer
511|jacob52|CeuIcodtJggEZ|customer
808|williamsmariah|RMOjwDHuuAQFSr|supplier
868|penatracey|xxFHzuAbMXdd|customer
341|zachary87|PjKtxvbLForL|customer
875|ebartlett|PfstUInXSXWDe|customer
332|richard59|gBIUNuLcdoJfwl|supplier
754|qcooper|sPzLMClauDdxHMq|supplier
83|wellslisa|zeSKXFNTtzEKHuOV|customer
102|lawrencetaylor|EgNogrjMVgFXCGXT|customer
709|brettbuchanan|oauszQKfUJImqyP|customer
833|simsshannon|PFKQMcQuEAz|customer
716|misty44|GWStNwoMXyJn|customer
33|jacksonmichael|PxlxpeumGiqUiucS|customer
706|harperdavid|RhJgRMznXbLB|customer
890|coxjacob|fEwgNDMtOrmEsjJ|supplier
402|xmcneil|bXEkUwAV|supplier
588|gordonnicole|SKorFLAa|customer
321|wallacevicki|WSbIkUfTOoNOqEI|customer
719|randydavis|PJkNdnQX|supplier
47|elizabethryan|sfNjFNxUDDddy|customer
848|fred07|YvxekTJId|supplier
892|katieroberts|rCAXecQsiA|customer
522|wallskayla|ZfTWyaAnXFNDITp|supplier
822|michael09|QhGVAaUGmFKjZW|customer
386|zmills|HZmddRul|supplier
994|adamsjulie|KZJNlIWJOm|supplier
196|jimmybush|RsZGHajm|customer
665|mary21|fTqOYwaCMc|supplier
477|thomaspamela|QYrhHQHzDvtJjPpf|customer
227|jamesbrown|HEbDBuSDGe|supplier
655|gonzalezelizabeth|azlZBORTEjjarIj|supplier
563|jfisher|IyYcXAesZof|customer
869|smithmichele|qNgbIDfZZDPutPOU|customer
17|petersbenjamin|bkHCBJKAWhSxUp|supplier
587|djones|DANzqvYdOu|supplier
818|mmoore|wxlMFXlYXGqoO|customer
827|bwilkins|ooUwTsASpRHzaBf|customer
601|waltonluis|hwoFTyNywp|customer
210|rodgersjackson|HhcqPKQjrINKNSn|customer
666|scrawford|qThvkyvpytQQzyH|supplier
579|gthomas|bSUrzVXVBIczBRHp|customer
565|robert52|rOheAjZmYbBZzYhb|customer
934|elliottvincent|rjYCrydxTDy|customer
50|jennalam|yTvEbSxSUXIH|customer
962|sandrawilliams|NxzvOBVhgTnmH|customer
214|stevensdaniel|TAxGdUqkEKGTCuiy|customer
153|jamiemichael|xjvMcXIrziBZfPX|customer
373|carolyn73|OGSuGwaF|customer
540|tammyspencer|vvMJRLUXweGB|supplier
424|cclark|GNfGvVpRZa|customer
190|xcombs|nHxJKBqe|customer
175|stephensongregory|HOdmpXKqaZStiEIQ|customer
229|stewartkaren|sYjEHApYcPay|supplier
385|edwardsdanielle|MoClUDdDCpy|supplier
409|ijohnson|MbvUxmTqZOdNKQid|customer
7|robinsonvictoria|zUPWgUWkh|customer
775|traceydavis|GVGxWqCaMhq|supplier
359|zcompton|zjCJpjEFLIfj|supplier
128|robinsonrussell|VnTPNNKMMGp|customer
806|bentleykimberly|jKSKiOCqx|supplier
663|evelyncarter|FEgunEcbsApTeD|customer
113|everettronnie|fCwYxrZd|customer
696|jamesmueller|NSaESFOh|supplier
437|jose96|aXIzZJkOryY|customer
812|matthew58|fSMgXjLLGRLbCx|supplier
372|nrodriguez|mqbtuicCUH|supplier
222|zmclaughlin|SWxJWJbTmr|customer
344|davistiffany|RBwVtUAaccyB|customer
916|tamara81|oCYoJNWmkL|supplier
475|jjohnson|EqtnfIOiLN|customer
261|melissaberry|zpyLSYUzzWNJvGQp|supplier
479|csanders|FWnhGtdXcnCCFh|supplier
429|jeremy04|hyxcLjmzrbOIe|customer
947|mitchellaaron|ZEKopbglqASws|supplier
177|daniellewalker|nmGEXAjeb|customer
89|cynthia20|nZXmBRDRUAl|supplier
730|savannahcervantes|pklklSbTYb|customer
407|lbeltran|IJDFSwfZJtQavfHn|supplier
524|smithcatherine|umawvbRnuDg|customer
874|ross85|PvqazSaOdEIaXPa|customer
73|ramirezanna|BWVLrAqjjBjMRS|supplier
705|micheleturner|xNJSIIAyxzIpRBOE|supplier
564|ygonzales|ZFAnUqEZLQEEHjG|customer
337|tjones|vkBakThhkphIFq|supplier
89|mhood|FfXTCtEPG|customer
924|eatonwilliam|HdQeLUehXm|customer
781|ywright|TgSnlFBfyiyE|supplier
864|yolson|nWgRVeIfsqXmNYJ|customer
13|nkim|bVSCcFlyqgbFU|supplier
680|zcabrera|kKophOFpb|supplier
253|matthewalvarado|IfNqWZoqKmLZbsz|supplier
567|mitchellwilliams|fUVCOOSmGvW|supplier
976|cmcdonald|yLYGDySECDWSn|supplier
469|dominic73|cwaUJSywci|customer
843|joseph93|WrnpUZcEiKilgWZF|supplier
267|joneslisa|gAMylecJGPpgxgtq|customer
16|whitneyeric|sEtxgIlGaHCmU|supplier
427|joseph42|zqAGhcLJOlXj|customer
496|patrick93|BjeIECyhrs|customer
163|greenetanya|TZVBkPJsl|supplier
563|courtney32|cEYCVJOAaGAsN|supplier
871|kathleenmorgan|ZdGiJGcPP|supplier
879|squinn|mKBTojqz|supplier
679|ashley91|vZlCIZOSnQk|customer
619|powersthomas|ijxEwFoPcKvn|supplier
607|patrickhancock|rPldCHutfaZhpqDW|customer
323|fieldsmaria|mgfIdfZHZvQKKMxI|customer
431|tbarton|AImEbCDtzaZU|customer
392|vsmith|akPRDaOyuBMrhC|customer
311|todd35|fYovVnSwL|supplier
934|baldwinlisa|AowNrcxCDbnt|supplier
273|heathercohen|FaaBBEOQw|customer
56|smithian|bAQSHkQMPd|supplier
225|wwilliams|UBYQujylvvbhiSO|supplier
290|qcarter|rHFWrTkwlzu|customer
867|bhowell|etbuSnPZPWm|supplier
877|todd58|DgVzniTu|supplier
481|hayessean|GFCEOJCvuMWhQJ|customer
472|vturner|jEccyjNkuV|customer
47|smithaaron|zkUPVUkrOBbgYkF|supplier
259|qsmith|NreXQVZXgyK|customer
49|jaclyn99|slqJzjRuvfiAYaL|customer
363|shawn82|EDInkGkgSEKHcw|supplier
330|thomastimothy|rynEmdkJ|customer
561|nataliewoodward|DoybbdNWFKNnw|customer
75|uhenderson|HPFQcbMSvOq|supplier
711|hguzman|midIWJmKpSaU|customer
573|millerlacey|DeRwGCVWb|customer
203|joebrandt|UFGgwIwNJhxZoyB|supplier
52|tuckerkimberly|quxeLUrYOMz|customer
999|haynesdustin|nzEsqTtGG|supplier
967|floresyvonne|xCFynUZkDx|supplier
166|dylansmith|uhyuwnPTwIElLCOC|customer
812|gjohnson|cgCFvtkOJSO|customer
657|laurenmedina|ujWQhrkiP|customer
909|barbara97|eYHOfBDPNfa|supplier
138|jimenezalan|EOoxTwtQXZE|customer
385|nguyenamanda|biIOEfEQDC|customer
94|mullennatalie|GTiRacfSnGklJln|supplier
117|vlara|Mxhhsbol|supplier
356|paul53|nfqeigCf|supplier
696|stephanie96|HykQBjVu|customer
586|seanpeterson|XFBawjsD|customer
332|ryan37|IoxMrcSIJ|customer
456|wbuckley|EnfefFpSHYhIJ|customer
506|jasonvelez|aZSONbiRSUhSQrhY|customer
434|julie83|GIqyTtcwunJgHB|customer
88|dfriedman|vjniRGdnFnLzNdQ|customer
296|bflores|wutdNMzFcrI|customer
760|hjordan|YolmOyOCTt|supplier
677|robert98|QuiazjTKP|supplier
597|ybailey|oyDMXIKbJL|customer
280|hillstephanie|RNtuGijEnHLTSQ|customer
39|acarpenter|HDFoGzwYUzsU|supplier
167|zdixon|ijttEswyiqgFvT|supplier
494|james48|JTYZZGyiTTLRgW|supplier
239|johnwoods|aihHPeTLeTfsf|customer
71|alejandra06|ugvoBiTKhAh|supplier
402|chumphrey|YZtsvVMvNmwb|customer
124|ncline|vgEszrptycAKa|customer
447|jeromehernandez|YEbsfXhu|customer
341|stewartjames|OjlwshJoN|supplier
111|smithjames|GsAOSWpotnlPCHgX|supplier
396|lauren78|nDrvUwcKmOySMDfz|supplier
553|lindsay35|XRNyUxaJOs|supplier
531|johnsonjoshua|pLXXpMwtWbXawYnm|supplier
384|kellyeric|rQCwSVVqcUjPqonY|supplier
85|pjohnson|RfxrrlzGUHBc|supplier
922|mendozajulie|PDhUteyiI|customer
786|anthonygordon|UWfOutBrgz|customer
741|gregory89|BEgGMPRINKnazVd|supplier
417|dylan02|UkqkSNEQW|supplier
140|wendy50|ybViPDqpWcwXYJ|customer
529|amybyrd|LgmKnBNOZpp|supplier
522|jerry03|rkefSnxXVRfxe|customer
559|joseph90|LpplwREGvSdho|supplier
611|ewilliams|LZRZzATBGaNyptLB|supplier
689|xpayne|ByBKODaJtFl|supplier
647|shane00|orUcrsYWBV|customer
498|kellydaugherty|FYULAzGnhXRPE|customer
293|richard00|fPRYHxaWuBUXUUWn|customer
660|bmathis|bcQsbfRo|supplier
998|adam21|BezdyIKC|supplier
490|pollardann|arrCUEYmgvQ|supplier
114|coopermegan|ynpmnvEf|customer
352|michaellewis|drfsFFKfsLNeo|supplier
997|veronicalee|csbDWiaonbWIW|supplier
96|jerrynguyen|vfHCLBxicc|supplier
248|richardkelley|rTkTdyFJWtkDuZVf|supplier
782|christopher06|oDsiOnKXAUjL|customer
602|dixonmaria|TKiCUOQXg|customer
286|leeduane|ZLfjdokIFUGHKNVK|customer
943|uwatson|MhYdaOghcvK|supplier
45|fodom|BQKggaZJypHXE|customer
111|burnsrebecca|ukTRKUwtGDeQgnGJ|customer
221|schaeferstanley|KrFISgCCmj|supplier
232|brandonwilliams|NDPjtUotQWufoxV|supplier
50|tbell|VLPRjsCFipIxXnc|supplier
360|lsmith|BRLqhOvNgCn|supplier
143|harrismartin|VtQFNhNFcpz|supplier
714|tuckerhailey|GykCHJqGaxQAQO|supplier
246|joseph97|kERcLlgn|customer
995|wbrandt|mOOSQtLMfF|customer
164|michaelmorrow|lnwSWegSRb|customer
925|tammydavis|GRWnWfeecXbPjMuM|supplier
973|kurt43|JgjYZdKwANZdSX|supplier
612|zacharywilson|EsPrAwMNqSumw|supplier
464|hudsonrobert|TbGPtCPUnqN|supplier
471|jeffersonkimberly|olfjovlQvFK|customer
219|russellfleming|IRWINFIaxC|customer
90|mschaefer|lFFeNzWJqSfEOo|supplier
184|turnerjohn|FwLdFSFPHoGIb|supplier
256|sanchezjose|BFFhSdkqMfMXBO|supplier
284|nwilliams|hpRjBKmUhKlv|customer
729|megancain|iuQDpculFVqjalJ|customer
752|ghall|niBCqyzqJWBbybZ|customer
51|baileyrandy|oUdHsdUoUKYg|customer
368|ricky02|QWeEEecWFYA|customer
201|grahamjohn|NQoqwNndOV|customer
413|shafferdiana|QefdhPVpBFVL|customer
492|perryelizabeth|THfiWBdGbQsGO|supplier
15|davisjames|JfIvqAGYxGjOxVj|customer
846|cindy19|SSLLpcwxn|supplier
926|briangardner|PUubKoUCymIGQC|supplier
484|lchang|nHbojNLSI|customer
843|walkeralicia|vsOgvnXDxmEwY|customer
614|catherineobrien|MdZGqGuUXvhmajp|customer
737|lejames|qHXPYRPKSN|supplier
179|ashleydorsey|ilVrcGkksWEwIl|supplier
331|gholloway|AHHhOLBtxfwPHy|supplier
136|angelareilly|xoeZhNttcnI|customer
912|joshua36|dJRFWXUxzscp|supplier
482|sydney21|WLhmuGCPhlHuEF|customer
653|williamtucker|mhpqDtbBBYMR|supplier
984|jeffrey39|AHMMJeaG|supplier
701|oburke|kkBEppVwLE|supplier
185|zday|HSYFdXMLaCxtsgvv|supplier
276|bchapman|LwQVbrkvmshNLEM|customer
421|jasmine68|tgTyLIAaidRFqa|supplier
937|lluna|DzbBRpotjUF|customer
749|smithapril|fXofIQlhyDREOn|supplier
904|rhendricks|QdDrVCaKe|customer
811|ndavis|arOKILWyFjD|supplier
175|deborah78|xsmfzWuEr|supplier
698|grahamdavid|YwYzoNUvMYk|supplier
907|garyrobinson|iXimTFnrxnVuCg|customer
840|john45|cWiyuTdY|supplier
92|lwheeler|yaNEVQbgycCVxvTB|supplier
957|dianagilmore|IaxAIfVgUFweRjS|customer
108|fhayes|hQlweTnoceitFvi|customer
831|shawbryan|hoSfWbxfyIwOtmBs|customer
448|bflores|CSTyDmVicZLzQGhY|supplier
574|bhamilton|ydYfacjkRIkW|supplier
506|sancheztammy|rIVDtNwC|supplier
272|laura17|yuYRWhUuLLIevaXQ|supplier
616|seanbrown|JFBfXWXOS|customer
731|walkerjacob|GOhTvBdVKnqdrN|supplier
84|harrisgarrett|UMAqAYaMW|customer
197|mosleymike|WisBpAry|supplier
722|joyce70|mqABlSCvXmkuVjM|customer
525|wedwards|YCBGQzQh|customer
545|ajordan|UvXNsWnmcVn|supplier
295|john95|RswQeKrYPk|supplier
810|oanderson|pSytdYNxVIGuo|supplier
549|juliejones|qeYVGWIV|supplier
850|joselewis|XgFuGKAaF|supplier
545|rfrancis|ymNnrNvQxXRw|customer
670|thomas60|GuhVWGYnVFvbV|customer
956|garciatammy|SzYhrvwxxmucAeBf|customer
170|susanmorrow|fDFafiqmJIdhGDhL|customer
163|fgillespie|pCNTQEwW|customer
513|timothybrooks|GckNXYFzZIAhG|supplier
949|swilliams|iCHUasSYl|customer
314|kgilbert|lNRcNjSBPIVS|customer
939|qwilson|ImMkipjLmXc|supplier
539|richardmiranda|zRXyxhgcE|customer
662|stephanie94|CAJyUrTlQZjDs|customer
780|fmorgan|KpPGUkDcaaVbDC|supplier
9|dominiquecruz|nTkzXSgEazVSoz|supplier
64|brendaholden|pCrcSoLctFHxfx|supplier
118|angela68|rsTkFuvnoY|supplier
901|joseph74|UmGhMOYG|supplier
605|lisasmith|pQyyVoBknrYFjwa|supplier
875|yjames|SQDyCLzfih|supplier
371|ehill|TWEFaJoTTi|supplier
115|paula27|YgkpGzScoVOw|supplier
139|william44|VxkKNpIfjUefBT|customer
42|schwartzlee|XoreKxWOdjVSYleB|customer
107|wayneosborne|FhFBIwpYyCP|customer
834|sarah26|gMjdjjYBQKKeiu|supplier
119|deborahyoung|BlVpkfJwhf|supplier
787|stephanie76|TrheDaATIgHfft|supplier
649|trodriguez|uLPtrlmWEOFZOWQ|supplier
129|nicholas18|UAyFZvta|customer
263|hleonard|vUulLFMdW|supplier
120|jmiller|czUZsAMkMfFiU|customer
364|sweeneystephanie|WWUdLEKRcCD|customer
174|amanda98|kpoEobdjQc|supplier
983|katrinaalvarado|cnpYPghLBjBkioqe|supplier
512|elewis|yjiRpcLSBcUVt|supplier
970|fsmith|DqNORnDvEsaAzyn|customer
791|wendy78|EoRIIGzfL|customer
584|vstanton|nDFDaWQAFofYVNn|customer
774|zbutler|ozLAUbuux|customer
486|zachary28|cDMeiimWNgVmGM|supplier
544|david42|LNWLevSaJhKnbk|supplier
157|stacy00|aEuSMrasarwkZ|customer
898|stokesamy|NmnZUISMzmyYR|supplier
593|emily26|yNBTvxyMkM|customer
526|williamsnatasha|UVHYMDapaOR|supplier
802|wbradford|eodVemyfbOVpiCgr|supplier
184|colonrachel|SbyGhlWIkMwik|customer
615|william65|XlcaWwURkaMLJjT|supplier
3|nclarke|lRpvgJNYYHSH|supplier
554|kentmoore|XRLvDDaKA|customer
656|fward|yokfDNkNKasTfS|customer
517|mortondavid|YgdWEeFEjCy|customer
118|frederickbenjamin|sekwZtHrUSEHinz|customer
958|brookssusan|qUYEdSLbjCLBcdb|supplier
227|elainewhite|ZrunPYdMWGkhUv|customer
31|martinezmorgan|XBXCfvMSfXnvPUIK|customer
507|jeanne93|jNdFFhcGquC|customer
99|john10|ocHKAPwjFo|supplier
593|tammy45|QARRxDAjATl|supplier
598|wmeza|bYzWOYNEn|customer
45|ncruz|zrcqxVDrHeYfs|supplier
353|krasmussen|AhDYdWWS|supplier
179|wrightsheila|bnpVxfiQpAMyJrtM|customer
495|nicholas72|boyQNIFxRoPEHbA|supplier
212|rstout|zUQSHzBHtsGHJFt|supplier
685|ricardo44|jzsyTCDnTaYIsH|supplier
121|ocamacho|zEArPSekZEyp|supplier
38|jacqueline86|gKfmApirEvuN|customer
345|nwright|ENEEiHQuRkx|customer
9|kimwilkinson|eCMfPedO|customer
269|iadams|kQlDPgdA|customer
381|jesse39|LMTnCVwUq|supplier
508|wtaylor|yLIHqyhAo|customer
138|liuedward|MzFixSbajU|supplier
838|merrittruben|RNwwzXMLasDV|supplier
919|lharmon|ksBwIlQbLdmaEby|supplier
940|bryantwyatt|aQvESrIfyR|customer
603|aaron31|ozODbhhHBk|supplier
707|hannahdavila|vquqRqnryx|supplier
825|carly34|fbnrpjCjiJlD|customer
666|ymarshall|EkuOMnsgA|customer
454|schultzjesse|bssIfQKFQqTu|supplier
915|nathan60|HmkSegHYSRrfrM|customer
932|utorres|QPRBYRqWOARghXzj|supplier
651|matthewsmichael|odFGEpuGqbE|supplier
910|connie71|GVGpwLrVmKIxO|supplier
459|grantdaniel|jkPQNcIrm|customer
440|lkramer|DwRTDBMnWsDu|supplier
818|jessica31|YompNTOUphnTwZw|supplier
644|zhinton|FGZAQGtB|customer
10|twashington|ZjVhdnXeRwu|supplier
253|sheilaanderson|xMGHjCuG|customer
715|tparker|mclDFWmGknquJH|supplier
815|andrearollins|pwphYZHiTcWPgarn|supplier
473|elizabeth22|rCzbIcygTvaIx|supplier
439|uestrada|seAtrhkxCZzBUgz|customer
425|robertowhite|SopEZYxed|customer
313|brian32|baTaULzYD|customer
702|craigwayne|rOWIOkkZDZe|customer
34|lholmes|dRnHUbKPexdEaFu|supplier
692|avilatracey|PQOBZGOrTZaINoQs|customer
504|lisa29|NnqUzNVtkRseYhod|supplier
130|rothdebra|wawNaqSwEGg|supplier
630|turnerkaitlyn|EqDEfpZF|customer
653|bknox|gGAKfRAEtTBrHJM|customer
555|scott55|MlNhmuhyZFz|supplier
950|phillipford|cWoCQIdqZwssC|customer
777|moorewilliam|YmuVGeAFQLPkDnb|customer
37|rlowery|mkVfSwUUQNqKNz|customer
880|jeffrey19|NlsGwXhkJqOgYiVy|supplier
77|cowanbrianna|gdEQXbNclkZVoKJz|supplier
791|tsanders|QGDCDWYMtdkMKxqi|supplier
206|michellegordon|vYSUbzGkFLkSx|supplier
166|ycamacho|NLYJNXwQHRaai|supplier
512|adam31|IHOknudBfNETdtf|customer
5|johnstonjohn|jZeVRXBmdRIFje|supplier
724|amorales|XEMEvIzbehDSk|supplier
296|hball|dFhgJQwuX|supplier
553|sanchezrobert|lvvNETxm|customer
581|marissajackson|sVNMaVbe|supplier
254|carrillojoseph|aXggjZNLrdRXwtTw|customer
568|sarahmartinez|zZmcnmKt|supplier
643|rbrown|sgHDOaNdeiR|customer
147|elijahburch|aReNcHjs|customer
443|blackmandy|KacKPOozcIvMBhAm|supplier
397|jeremygarcia|LvpMAvgB|customer
43|riggspatrick|HnODwsBfbPfztRzn|supplier
567|victoria31|knYBmjbdI|customer
592|melissaanderson|iWKPKjZhkCuHp|supplier
820|wanderson|TQtpZmhB|customer
435|dalecampbell|ZpXhRVjIfCIVSPb|customer
29|derek04|YzRnFQIZKHZKaLq|customer
48|eferguson|XQfaNvYxXGmk|supplier
235|qdunn|wnumYuaYvPG|customer
739|madeline51|fodYhFjivOtRZhAl|supplier
395|wigginssteven|EbckJYUFvr|supplier
122|xcarr|SMavAvKhJxLcJMCa|supplier
950|charmon|HxHJLDggl|supplier
459|zclark|xvktJBahtCphA|supplier
839|thomasveronica|LCkEvbmUBlKxMCFf|customer
977|sarahjackson|cDLbiZTY|customer
528|coreythompson|jDYENsaLJhU|supplier
783|brian56|qToqRHhMcQit|customer
716|amyfletcher|pASMECaPekY|supplier
767|brucewright|RYqTkXynue|supplier
60|jhansen|PZLIrGAzwhVSPos|customer
866|staceybrooks|SyasUVobHRoms|customer
148|mcdonaldkeith|hHwrbNIi|supplier
324|alexandrasimmons|dgVFUwCSmjjEZu|supplier
394|david80|SPqxRsqua|supplier
382|carolynbriggs|MzDIeRxgeYP|customer
880|michaelyoung|RboPymjuqwcsSi|customer
204|jordan36|DmzBFjOVX|customer
222|john80|qbovaTZuaMg|supplier
655|browntraci|PdQXiyLwx|customer
578|jkemp|zismzanUpdtgBrJ|supplier
883|robertpayne|TWIVMLoHBnvXlfY|supplier
37|zsimmons|aciTBVtlmtrxhgwC|supplier
765|phyllis10|jocWdpxLKPPkbK|customer
562|egonzalez|lMEUWzNR|supplier
994|tammycook|ZIKlwTvDaAej|customer
654|amandalamb|LLfMwmiVvymx|customer
191|cassidy25|OdknMBHapVoqIqv|customer
79|chanbrian|DkINkPLmUtyoTiTv|customer
380|garzabarry|SOiiaMVdXRBBpucS|supplier
149|johnsonjeremy|yQkwZOXXVyP|supplier
581|williampruitt|KLetOKFbPIcoiHR|customer
351|georgemccall|gpdRDPSJLXcJ|customer
127|bergjimmy|fLYCXTQFjHhoPn|supplier
627|benjamingarcia|GJUUdgfYQOVKzGs|customer
569|smartin|tCBjnRgSbEVsc|customer
452|davidadams|LyexgvdVWkz|customer
307|natasha46|pztrLxXV|supplier
